,Unnamed: 0,patient,question,index,l_embedding,start_loc,length_doc
0,0,patient_01,0,0,254,706,45683
1,1,patient_01,0,1,218,18671,45683
2,2,patient_01,0,2,252,160,45683
3,3,patient_01,0,3,178,25712,45683
4,4,patient_01,0,4,251,2276,45683
5,5,patient_01,1,0,251,2276,45683
6,6,patient_01,1,1,193,513,45683
7,7,patient_01,1,2,218,18671,45683
8,8,patient_01,1,3,409,27884,45683
9,9,patient_01,1,4,256,18217,45683
10,10,patient_01,2,0,138,6624,45683
11,11,patient_01,2,1,193,513,45683
12,12,patient_01,2,2,178,25712,45683
13,13,patient_01,2,3,218,18671,45683
14,14,patient_01,2,4,256,18217,45683
15,15,patient_01,3,0,235,27595,45683
16,16,patient_01,3,1,164,33957,45683
17,17,patient_01,3,2,1062,32895,45683
18,18,patient_01,3,3,254,706,45683
19,19,patient_01,3,4,247,5061,45683
20,20,patient_01,4,0,251,2276,45683
21,21,patient_01,4,1,191,25147,45683
22,22,patient_01,4,2,252,160,45683
23,23,patient_01,4,3,254,706,45683
24,24,patient_01,4,4,409,27884,45683
25,25,patient_01,5,0,256,2655,45683
26,26,patient_01,5,1,148,1690,45683
27,27,patient_01,5,2,221,13279,45683
28,28,patient_01,5,3,286,22764,45683
29,29,patient_01,5,4,203,9341,45683
30,30,patient_01,6,0,247,5061,45683
31,31,patient_01,6,1,286,22764,45683
32,32,patient_01,6,2,248,11224,45683
33,33,patient_01,6,3,218,18671,45683
34,34,patient_01,6,4,194,10900,45683
35,35,patient_01,7,0,148,1690,45683
36,36,patient_01,7,1,203,9341,45683
37,37,patient_01,7,2,234,8106,45683
38,38,patient_01,7,3,191,25147,45683
39,39,patient_01,7,4,206,12840,45683
40,40,patient_01,8,0,1142,26453,45683
41,41,patient_01,8,1,718,40862,45683
42,42,patient_01,8,2,1062,32895,45683
43,43,patient_01,8,3,254,706,45683
44,44,patient_01,8,4,247,5061,45683
45,45,patient_01,9,0,220,16373,45683
46,46,patient_01,9,1,194,16179,45683
47,47,patient_01,9,2,159,15162,45683
48,48,patient_01,9,3,409,27884,45683
49,49,patient_01,9,4,368,1142,45683
50,50,patient_01,10,0,218,18671,45683
51,51,patient_01,10,1,178,25712,45683
52,52,patient_01,10,2,251,2276,45683
53,53,patient_01,10,3,191,25147,45683
54,54,patient_01,10,4,157,19298,45683
55,55,patient_01,11,0,234,8106,45683
56,56,patient_01,11,1,247,5061,45683
57,57,patient_01,11,2,205,37178,45683
58,58,patient_01,11,3,211,36217,45683
59,59,patient_01,11,4,207,24557,45683
60,60,patient_01,12,0,193,513,45683
61,61,patient_01,12,1,227,5762,45683
62,62,patient_01,12,2,207,24557,45683
63,63,patient_01,12,3,368,1142,45683
64,64,patient_01,12,4,226,13500,45683
65,65,patient_01,13,0,250,21861,45683
66,66,patient_01,13,1,240,22330,45683
67,67,patient_01,13,2,219,22111,45683
68,68,patient_01,13,3,194,22570,45683
69,69,patient_01,13,4,232,23933,45683
70,70,patient_01,14,0,250,21861,45683
71,71,patient_01,14,1,221,21083,45683
72,72,patient_01,14,2,224,24333,45683
73,73,patient_01,14,3,368,1142,45683
74,74,patient_01,14,4,174,21687,45683
75,75,patient_01,15,0,229,23529,45683
76,76,patient_01,15,1,175,23758,45683
77,77,patient_01,15,2,250,21861,45683
78,78,patient_01,15,3,221,21083,45683
79,79,patient_01,15,4,168,24165,45683
80,80,patient_01,16,0,232,23933,45683
81,81,patient_01,16,1,250,21861,45683
82,82,patient_01,16,2,240,22330,45683
83,83,patient_01,16,3,203,2073,45683
84,84,patient_01,16,4,221,21083,45683
85,85,patient_01,17,0,368,1142,45683
86,86,patient_01,17,1,243,7710,45683
87,87,patient_01,17,2,194,7060,45683
88,88,patient_01,17,3,300,8679,45683
89,89,patient_01,17,4,251,10649,45683
90,90,patient_01,18,0,2765,28913,45683
91,91,patient_01,18,1,2531,41713,45683
92,92,patient_01,18,2,409,27884,45683
93,93,patient_01,18,3,214,32206,45683
94,94,patient_01,18,4,207,24557,45683
95,95,patient_01,19,0,189,18997,45683
96,96,patient_01,19,1,159,15162,45683
97,97,patient_01,19,2,198,32008,45683
98,98,patient_01,19,3,256,18217,45683
99,99,patient_01,19,4,213,4407,45683
100,100,patient_02,0,0,254,39092,51042
101,101,patient_02,0,1,211,21218,51042
102,102,patient_02,0,2,210,389,51042
103,103,patient_02,0,3,250,7577,51042
104,104,patient_02,0,4,243,8021,51042
105,105,patient_02,1,0,211,20853,51042
106,106,patient_02,1,1,430,1005,51042
107,107,patient_02,1,2,386,28269,51042
108,108,patient_02,1,3,386,42844,51042
109,109,patient_02,1,4,442,31780,51042
110,110,patient_02,2,0,230,4347,51042
111,111,patient_02,2,1,189,47952,51042
112,112,patient_02,2,2,232,44494,51042
113,113,patient_02,2,3,141,45565,51042
114,114,patient_02,2,4,244,33087,51042
115,115,patient_02,3,0,386,28269,51042
116,116,patient_02,3,1,386,42844,51042
117,117,patient_02,3,2,442,31780,51042
118,118,patient_02,3,3,494,10363,51042
119,119,patient_02,3,4,199,20654,51042
120,120,patient_02,4,0,329,29943,51042
121,121,patient_02,4,1,3223,39438,51042
122,122,patient_02,4,2,221,45893,51042
123,123,patient_02,4,3,211,20853,51042
124,124,patient_02,4,4,246,30776,51042
125,125,patient_02,5,0,93,23004,51042
126,126,patient_02,5,1,254,48783,51042
127,127,patient_02,5,2,242,33470,51042
128,128,patient_02,5,3,227,27859,51042
129,129,patient_02,5,4,200,23539,51042
130,130,patient_02,6,0,211,20853,51042
131,131,patient_02,6,1,494,10363,51042
132,132,patient_02,6,2,386,28269,51042
133,133,patient_02,6,3,386,42844,51042
134,134,patient_02,6,4,442,31780,51042
135,135,patient_02,7,0,242,33470,51042
136,136,patient_02,7,1,239,46274,51042
137,137,patient_02,7,2,160,46114,51042
138,138,patient_02,7,3,154,32222,51042
139,139,patient_02,7,4,218,2774,51042
140,140,patient_02,8,0,232,48551,51042
141,141,patient_02,8,1,231,158,51042
142,142,patient_02,8,2,217,11413,51042
143,143,patient_02,8,3,120,31660,51042
144,144,patient_02,8,4,220,29630,51042
145,145,patient_02,9,0,329,29943,51042
146,146,patient_02,9,1,246,30776,51042
147,147,patient_02,9,2,3223,39438,51042
148,148,patient_02,9,3,254,48783,51042
149,149,patient_02,9,4,221,45893,51042
150,150,patient_02,10,0,243,8021,51042
151,151,patient_02,10,1,214,38878,51042
152,152,patient_02,10,2,254,39092,51042
153,153,patient_02,10,3,241,38476,51042
154,154,patient_02,10,4,111,14210,51042
155,155,patient_02,11,0,154,32222,51042
156,156,patient_02,11,1,246,30776,51042
157,157,patient_02,11,2,211,32376,51042
158,158,patient_02,11,3,221,45893,51042
159,159,patient_02,11,4,242,33470,51042
160,160,patient_02,12,0,187,35371,51042
161,161,patient_02,12,1,206,34984,51042
162,162,patient_02,12,2,222,5725,51042
163,163,patient_02,12,3,245,36270,51042
164,164,patient_02,12,4,231,17311,51042
165,165,patient_02,13,0,166,16205,51042
166,166,patient_02,13,1,280,16371,51042
167,167,patient_02,13,2,494,10363,51042
168,168,patient_02,13,3,225,36765,51042
169,169,patient_02,13,4,240,20069,51042
170,170,patient_02,14,0,221,11865,51042
171,171,patient_02,14,1,254,48783,51042
172,172,patient_02,14,2,255,24992,51042
173,173,patient_02,14,3,235,11630,51042
174,174,patient_02,14,4,442,31780,51042
175,175,patient_02,15,0,243,8021,51042
176,176,patient_02,15,1,231,158,51042
177,177,patient_02,15,2,250,7577,51042
178,178,patient_02,15,3,254,39092,51042
179,179,patient_02,15,4,182,38059,51042
180,180,patient_02,16,0,242,15835,51042
181,181,patient_02,16,1,238,14928,51042
182,182,patient_02,16,2,237,18792,51042
183,183,patient_02,16,3,214,38878,51042
184,184,patient_02,16,4,178,17732,51042
185,185,patient_02,17,0,494,10363,51042
186,186,patient_02,17,1,386,42844,51042
187,187,patient_02,17,2,386,28269,51042
188,188,patient_02,17,3,442,31780,51042
189,189,patient_02,17,4,312,12701,51042
190,190,patient_02,18,0,272,34302,51042
191,191,patient_02,18,1,242,33470,51042
192,192,patient_02,18,2,226,33957,51042
193,193,patient_02,18,3,187,45706,51042
194,194,patient_02,18,4,231,158,51042
195,195,patient_02,19,0,329,29943,51042
196,196,patient_02,19,1,3223,39438,51042
197,197,patient_02,19,2,246,30776,51042
198,198,patient_02,19,3,221,45893,51042
199,199,patient_02,19,4,254,48783,51042
200,200,patient_03,0,0,236,19669,48742
201,201,patient_03,0,1,250,18929,48742
202,202,patient_03,0,2,160,270,48742
203,203,patient_03,0,3,243,17749,48742
204,204,patient_03,0,4,255,7610,48742
205,205,patient_03,1,0,253,975,48742
206,206,patient_03,1,1,241,5180,48742
207,207,patient_03,1,2,232,743,48742
208,208,patient_03,1,3,199,37858,48742
209,209,patient_03,1,4,250,39153,48742
210,210,patient_03,2,0,232,3632,48742
211,211,patient_03,2,1,251,3864,48742
212,212,patient_03,2,2,210,3320,48742
213,213,patient_03,2,3,234,11998,48742
214,214,patient_03,2,4,256,11025,48742
215,215,patient_03,3,0,251,3864,48742
216,216,patient_03,3,1,224,13580,48742
217,217,patient_03,3,2,241,14046,48742
218,218,patient_03,3,3,242,13804,48742
219,219,patient_03,3,4,164,0,48742
220,220,patient_03,4,0,224,13580,48742
221,221,patient_03,4,1,205,33808,48742
222,222,patient_03,4,2,250,39153,48742
223,223,patient_03,4,3,255,7610,48742
224,224,patient_03,4,4,238,18691,48742
225,225,patient_03,5,0,175,6251,48742
226,226,patient_03,5,1,251,3864,48742
227,227,patient_03,5,2,243,17749,48742
228,228,patient_03,5,3,224,13580,48742
229,229,patient_03,5,4,238,18691,48742
230,230,patient_03,6,0,199,37858,48742
231,231,patient_03,6,1,158,23888,48742
232,232,patient_03,6,2,166,38329,48742
233,233,patient_03,6,3,241,5180,48742
234,234,patient_03,6,4,250,39153,48742
235,235,patient_03,7,0,1116,25445,48742
236,236,patient_03,7,1,746,6426,48742
237,237,patient_03,7,2,1252,29124,48742
238,238,patient_03,7,3,250,39153,48742
239,239,patient_03,7,4,1209,20125,48742
240,240,patient_03,8,0,230,34728,48742
241,241,patient_03,8,1,202,17082,48742
242,242,patient_03,8,2,254,16828,48742
243,243,patient_03,8,3,221,21334,48742
244,244,patient_03,8,4,206,40354,48742
245,245,patient_03,9,0,250,39153,48742
246,246,patient_03,9,1,241,24260,48742
247,247,patient_03,9,2,166,38329,48742
248,248,patient_03,9,3,161,38168,48742
249,249,patient_03,9,4,199,37858,48742
250,250,patient_03,10,0,205,33808,48742
251,251,patient_03,10,1,238,18691,48742
252,252,patient_03,10,2,193,550,48742
253,253,patient_03,10,3,224,13580,48742
254,254,patient_03,10,4,175,6251,48742
255,255,patient_03,11,0,684,43031,48742
256,256,patient_03,11,1,211,32802,48742
257,257,patient_03,11,2,254,38667,48742
258,258,patient_03,11,3,234,11998,48742
259,259,patient_03,11,4,192,23696,48742
260,260,patient_03,12,0,253,975,48742
261,261,patient_03,12,1,250,39153,48742
262,262,patient_03,12,2,241,5180,48742
263,263,patient_03,12,3,233,17516,48742
264,264,patient_03,12,4,259,15482,48742
265,265,patient_03,13,0,160,25062,48742
266,266,patient_03,13,1,253,975,48742
267,267,patient_03,13,2,250,39153,48742
268,268,patient_03,13,3,250,22602,48742
269,269,patient_03,13,4,233,17516,48742
270,270,patient_03,14,0,242,13804,48742
271,271,patient_03,14,1,182,12897,48742
272,272,patient_03,14,2,247,16581,48742
273,273,patient_03,14,3,243,17749,48742
274,274,patient_03,14,4,232,17284,48742
275,275,patient_03,15,0,250,39153,48742
276,276,patient_03,15,1,115,13289,48742
277,277,patient_03,15,2,241,24260,48742
278,278,patient_03,15,3,233,17516,48742
279,279,patient_03,15,4,259,15482,48742
280,280,patient_03,16,0,165,2775,48742
281,281,patient_03,16,1,232,2329,48742
282,282,patient_03,16,2,205,10820,48742
283,283,patient_03,16,3,235,2094,48742
284,284,patient_03,16,4,193,11281,48742
285,285,patient_03,17,0,241,5180,48742
286,286,patient_03,17,1,253,975,48742
287,287,patient_03,17,2,232,743,48742
288,288,patient_03,17,3,250,39153,48742
289,289,patient_03,17,4,158,23888,48742
290,290,patient_03,18,0,193,550,48742
291,291,patient_03,18,1,192,4988,48742
292,292,patient_03,18,2,215,7865,48742
293,293,patient_03,18,3,247,4741,48742
294,294,patient_03,18,4,248,8080,48742
295,295,patient_03,19,0,221,5834,48742
296,296,patient_03,19,1,254,16828,48742
297,297,patient_03,19,2,308,31979,48742
298,298,patient_03,19,3,229,22373,48742
299,299,patient_03,19,4,254,38667,48742
300,300,patient_04,0,0,380,4910,46727
301,301,patient_04,0,1,215,13209,46727
302,302,patient_04,0,2,246,485,46727
303,303,patient_04,0,3,236,34608,46727
304,304,patient_04,0,4,145,5517,46727
305,305,patient_04,1,0,236,1375,46727
306,306,patient_04,1,1,246,1823,46727
307,307,patient_04,1,2,252,78,46727
308,308,patient_04,1,3,212,1611,46727
309,309,patient_04,1,4,380,4910,46727
310,310,patient_04,2,0,179,12572,46727
311,311,patient_04,2,1,237,14773,46727
312,312,patient_04,2,2,229,6318,46727
313,313,patient_04,2,3,238,12334,46727
314,314,patient_04,2,4,213,33550,46727
315,315,patient_04,3,0,244,4515,46727
316,316,patient_04,3,1,254,5882,46727
317,317,patient_04,3,2,238,9954,46727
318,318,patient_04,3,3,232,26428,46727
319,319,patient_04,3,4,243,19486,46727
320,320,patient_04,4,0,229,6318,46727
321,321,patient_04,4,1,237,24090,46727
322,322,patient_04,4,2,214,17896,46727
323,323,patient_04,4,3,176,28683,46727
324,324,patient_04,4,4,179,12572,46727
325,325,patient_04,5,0,220,22328,46727
326,326,patient_04,5,1,236,23651,46727
327,327,patient_04,5,2,238,23222,46727
328,328,patient_04,5,3,246,21494,46727
329,329,patient_04,5,4,207,17689,46727
330,330,patient_04,6,0,238,9954,46727
331,331,patient_04,6,1,253,16514,46727
332,332,patient_04,6,2,254,5882,46727
333,333,patient_04,6,3,196,6975,46727
334,334,patient_04,6,4,244,4515,46727
335,335,patient_04,7,0,449,29164,46727
336,336,patient_04,7,1,297,8130,46727
337,337,patient_04,7,2,249,37123,46727
338,338,patient_04,7,3,207,17689,46727
339,339,patient_04,7,4,215,13964,46727
340,340,patient_04,8,0,191,22762,46727
341,341,patient_04,8,1,256,16767,46727
342,342,patient_04,8,2,214,17896,46727
343,343,patient_04,8,3,236,24575,46727
344,344,patient_04,8,4,176,28683,46727
345,345,patient_04,9,0,176,20369,46727
346,346,patient_04,9,1,248,24327,46727
347,347,patient_04,9,2,236,24575,46727
348,348,patient_04,9,3,269,22953,46727
349,349,patient_04,9,4,233,25011,46727
350,350,patient_04,10,0,213,32610,46727
351,351,patient_04,10,1,449,29164,46727
352,352,patient_04,10,2,179,12572,46727
353,353,patient_04,10,3,203,23887,46727
354,354,patient_04,10,4,213,33550,46727
355,355,patient_04,11,0,251,29825,46727
356,356,patient_04,11,1,449,29164,46727
357,357,patient_04,11,2,232,26428,46727
358,358,patient_04,11,3,249,37123,46727
359,359,patient_04,11,4,233,25011,46727
360,360,patient_04,12,0,249,18878,46727
361,361,patient_04,12,1,203,23887,46727
362,362,patient_04,12,2,237,14773,46727
363,363,patient_04,12,3,229,6318,46727
364,364,patient_04,12,4,211,18667,46727
365,365,patient_04,13,0,232,26428,46727
366,366,patient_04,13,1,233,25011,46727
367,367,patient_04,13,2,185,17504,46727
368,368,patient_04,13,3,237,31095,46727
369,369,patient_04,13,4,242,30853,46727
370,370,patient_04,14,0,155,34844,46727
371,371,patient_04,14,1,449,29164,46727
372,372,patient_04,14,2,230,28859,46727
373,373,patient_04,14,3,207,36666,46727
374,374,patient_04,14,4,238,40578,46727
375,375,patient_04,15,0,248,39672,46727
376,376,patient_04,15,1,162,44480,46727
377,377,patient_04,15,2,162,43965,46727
378,378,patient_04,15,3,255,39920,46727
379,379,patient_04,15,4,232,35258,46727
380,380,patient_04,16,0,179,44127,46727
381,381,patient_04,16,1,449,29164,46727
382,382,patient_04,16,2,250,36873,46727
383,383,patient_04,16,3,249,37123,46727
384,384,patient_04,16,4,207,36666,46727
385,385,patient_04,17,0,189,42024,46727
386,386,patient_04,17,1,243,13424,46727
387,387,patient_04,17,2,224,25922,46727
388,388,patient_04,17,3,254,41612,46727
389,389,patient_04,17,4,263,42699,46727
390,390,patient_04,18,0,250,36873,46727
391,391,patient_04,18,1,207,36666,46727
392,392,patient_04,18,2,238,40578,46727
393,393,patient_04,18,3,215,43600,46727
394,394,patient_04,18,4,249,37123,46727
395,395,patient_04,19,0,162,44480,46727
396,396,patient_04,19,1,250,28292,46727
397,397,patient_04,19,2,232,35258,46727
398,398,patient_04,19,3,236,34608,46727
399,399,patient_04,19,4,251,954,46727
400,400,patient_05,0,0,186,2093,38395
401,401,patient_05,0,1,237,10587,38395
402,402,patient_05,0,2,230,9924,38395
403,403,patient_05,0,3,238,22734,38395
404,404,patient_05,0,4,252,13083,38395
405,405,patient_05,1,0,226,12857,38395
406,406,patient_05,1,1,174,9024,38395
407,407,patient_05,1,2,160,29835,38395
408,408,patient_05,1,3,234,5198,38395
409,409,patient_05,1,4,234,20666,38395
410,410,patient_05,2,0,236,28318,38395
411,411,patient_05,2,1,225,28554,38395
412,412,patient_05,2,2,357,30926,38395
413,413,patient_05,2,3,265,20900,38395
414,414,patient_05,2,4,332,23509,38395
415,415,patient_05,3,0,346,3887,38395
416,416,patient_05,3,1,122,8902,38395
417,417,patient_05,3,2,357,30926,38395
418,418,patient_05,3,3,347,29995,38395
419,419,patient_05,3,4,249,9347,38395
420,420,patient_05,4,0,222,11506,38395
421,421,patient_05,4,1,357,30926,38395
422,422,patient_05,4,2,212,13766,38395
423,423,patient_05,4,3,347,29995,38395
424,424,patient_05,4,4,238,22734,38395
425,425,patient_05,5,0,160,14226,38395
426,426,patient_05,5,1,357,30926,38395
427,427,patient_05,5,2,225,24402,38395
428,428,patient_05,5,3,174,9024,38395
429,429,patient_05,5,4,666,33878,38395
430,430,patient_05,6,0,474,11728,38395
431,431,patient_05,6,1,368,13398,38395
432,432,patient_05,6,2,583,14512,38395
433,433,patient_05,6,3,509,25468,38395
434,434,patient_05,6,4,213,24071,38395
435,435,patient_05,7,0,347,29995,38395
436,436,patient_05,7,1,352,30461,38395
437,437,patient_05,7,2,357,30926,38395
438,438,patient_05,7,3,151,34544,38395
439,439,patient_05,7,4,666,33878,38395
440,440,patient_05,8,0,230,27414,38395
441,441,patient_05,8,1,245,28073,38395
442,442,patient_05,8,2,346,3887,38395
443,443,patient_05,8,3,332,23509,38395
444,444,patient_05,8,4,204,27644,38395
445,445,patient_05,9,0,213,24071,38395
446,446,patient_05,9,1,509,25468,38395
447,447,patient_05,9,2,474,11728,38395
448,448,patient_05,9,3,368,13398,38395
449,449,patient_05,9,4,583,14512,38395
450,450,patient_05,10,0,174,9024,38395
451,451,patient_05,10,1,196,12202,38395
452,452,patient_05,10,2,357,30926,38395
453,453,patient_05,10,3,226,12857,38395
454,454,patient_05,10,4,666,33878,38395
455,455,patient_05,11,0,215,35640,38395
456,456,patient_05,11,1,255,22479,38395
457,457,patient_05,11,2,195,32369,38395
458,458,patient_05,11,3,346,3887,38395
459,459,patient_05,11,4,226,840,38395
460,460,patient_05,12,0,352,30461,38395
461,461,patient_05,12,1,265,20900,38395
462,462,patient_05,12,2,346,3887,38395
463,463,patient_05,12,3,347,29995,38395
464,464,patient_05,12,4,195,33435,38395
465,465,patient_05,13,0,509,25468,38395
466,466,patient_05,13,1,423,22972,38395
467,467,patient_05,13,2,213,24071,38395
468,468,patient_05,13,3,583,14512,38395
469,469,patient_05,13,4,213,24765,38395
470,470,patient_05,14,0,225,28554,38395
471,471,patient_05,14,1,236,28318,38395
472,472,patient_05,14,2,172,17543,38395
473,473,patient_05,14,3,230,23841,38395
474,474,patient_05,14,4,240,17715,38395
475,475,patient_05,15,0,166,7374,38395
476,476,patient_05,15,1,180,173,38395
477,477,patient_05,15,2,230,9924,38395
478,478,patient_05,15,3,343,28833,38395
479,479,patient_05,15,4,186,2093,38395
480,480,patient_05,16,0,357,30926,38395
481,481,patient_05,16,1,164,22315,38395
482,482,patient_05,16,2,249,9347,38395
483,483,patient_05,16,3,212,13766,38395
484,484,patient_05,16,4,265,20900,38395
485,485,patient_05,17,0,225,28554,38395
486,486,patient_05,17,1,240,17715,38395
487,487,patient_05,17,2,236,28318,38395
488,488,patient_05,17,3,172,17543,38395
489,489,patient_05,17,4,213,20107,38395
490,490,patient_05,18,0,666,33878,38395
491,491,patient_05,18,1,238,29464,38395
492,492,patient_05,18,2,332,23509,38395
493,493,patient_05,18,3,234,5198,38395
494,494,patient_05,18,4,253,5777,38395
495,495,patient_05,19,0,149,9198,38395
496,496,patient_05,19,1,212,13766,38395
497,497,patient_05,19,2,174,9024,38395
498,498,patient_05,19,3,196,12202,38395
499,499,patient_05,19,4,347,29995,38395
500,500,patient_06,0,0,277,2805,40095
501,501,patient_06,0,1,277,11637,40095
502,502,patient_06,0,2,255,8323,40095
503,503,patient_06,0,3,227,1897,40095
504,504,patient_06,0,4,236,24488,40095
505,505,patient_06,1,0,467,31440,40095
506,506,patient_06,1,1,338,33944,40095
507,507,patient_06,1,2,602,181,40095
508,508,patient_06,1,3,238,2327,40095
509,509,patient_06,1,4,444,16365,40095
510,510,patient_06,2,0,255,8982,40095
511,511,patient_06,2,1,226,6423,40095
512,512,patient_06,2,2,240,6183,40095
513,513,patient_06,2,3,250,7590,40095
514,514,patient_06,2,4,254,9237,40095
515,515,patient_06,3,0,158,10032,40095
516,516,patient_06,3,1,515,33299,40095
517,517,patient_06,3,2,615,30694,40095
518,518,patient_06,3,3,245,20421,40095
519,519,patient_06,3,4,234,9657,40095
520,520,patient_06,4,0,727,23511,40095
521,521,patient_06,4,1,238,33061,40095
522,522,patient_06,4,2,204,4445,40095
523,523,patient_06,4,3,411,18921,40095
524,524,patient_06,4,4,444,16365,40095
525,525,patient_06,5,0,615,30694,40095
526,526,patient_06,5,1,727,23511,40095
527,527,patient_06,5,2,515,33299,40095
528,528,patient_06,5,3,157,26145,40095
529,529,patient_06,5,4,250,24238,40095
530,530,patient_06,6,0,780,10190,40095
531,531,patient_06,6,1,2922,35718,40095
532,532,patient_06,6,2,932,29663,40095
533,533,patient_06,6,3,171,13355,40095
534,534,patient_06,6,4,357,991,40095
535,535,patient_06,7,0,174,12643,40095
536,536,patient_06,7,1,130,33814,40095
537,537,patient_06,7,2,131,31309,40095
538,538,patient_06,7,3,197,12817,40095
539,539,patient_06,7,4,357,991,40095
540,540,patient_06,8,0,602,181,40095
541,541,patient_06,8,1,230,8093,40095
542,542,patient_06,8,2,2922,35718,40095
543,543,patient_06,8,3,439,10970,40095
544,544,patient_06,8,4,727,23511,40095
545,545,patient_06,9,0,149,29201,40095
546,546,patient_06,9,1,178,28835,40095
547,547,patient_06,9,2,279,34362,40095
548,548,patient_06,9,3,237,25304,40095
549,549,patient_06,9,4,165,20905,40095
550,550,patient_06,10,0,780,10190,40095
551,551,patient_06,10,1,2922,35718,40095
552,552,patient_06,10,2,254,27100,40095
553,553,patient_06,10,3,252,27503,40095
554,554,patient_06,10,4,932,29663,40095
555,555,patient_06,11,0,780,10190,40095
556,556,patient_06,11,1,2922,35718,40095
557,557,patient_06,11,2,1580,21634,40095
558,558,patient_06,11,3,932,29663,40095
559,559,patient_06,11,4,197,12817,40095
560,560,patient_06,12,0,228,11409,40095
561,561,patient_06,12,1,199,26302,40095
562,562,patient_06,12,2,222,34641,40095
563,563,patient_06,12,3,727,23511,40095
564,564,patient_06,12,4,615,30694,40095
565,565,patient_06,13,0,166,14223,40095
566,566,patient_06,13,1,193,14970,40095
567,567,patient_06,13,2,439,10970,40095
568,568,patient_06,13,3,230,35030,40095
569,569,patient_06,13,4,230,19419,40095
570,570,patient_06,14,0,214,15381,40095
571,571,patient_06,14,1,204,4445,40095
572,572,patient_06,14,2,250,32811,40095
573,573,patient_06,14,3,223,17405,40095
574,574,patient_06,14,4,195,4649,40095
575,575,patient_06,15,0,254,27100,40095
576,576,patient_06,15,1,252,27503,40095
577,577,patient_06,15,2,178,28835,40095
578,578,patient_06,15,3,238,2327,40095
579,579,patient_06,15,4,129,32682,40095
580,580,patient_06,16,0,297,23214,40095
581,581,patient_06,16,1,615,30694,40095
582,582,patient_06,16,2,515,33299,40095
583,583,patient_06,16,3,439,10970,40095
584,584,patient_06,16,4,225,14389,40095
585,585,patient_06,17,0,602,181,40095
586,586,patient_06,17,1,230,8093,40095
587,587,patient_06,17,2,160,32280,40095
588,588,patient_06,17,3,338,33944,40095
589,589,patient_06,17,4,727,23511,40095
590,590,patient_06,18,0,161,18092,40095
591,591,patient_06,18,1,245,13978,40095
592,592,patient_06,18,2,218,15163,40095
593,593,patient_06,18,3,615,30694,40095
594,594,patient_06,18,4,439,10970,40095
595,595,patient_06,19,0,178,28835,40095
596,596,patient_06,19,1,238,2327,40095
597,597,patient_06,19,2,149,29201,40095
598,598,patient_06,19,3,180,27755,40095
599,599,patient_06,19,4,208,28156,40095
600,600,patient_07,0,0,336,19103,41475
601,601,patient_07,0,1,187,1568,41475
602,602,patient_07,0,2,236,12856,41475
603,603,patient_07,0,3,276,24922,41475
604,604,patient_07,0,4,298,4374,41475
605,605,patient_07,1,0,202,18470,41475
606,606,patient_07,1,1,224,14938,41475
607,607,patient_07,1,2,233,6075,41475
608,608,patient_07,1,3,226,13819,41475
609,609,patient_07,1,4,177,1045,41475
610,610,patient_07,2,0,202,18470,41475
611,611,patient_07,2,1,89,211,41475
612,612,patient_07,2,2,141,12572,41475
613,613,patient_07,2,3,109,17196,41475
614,614,patient_07,2,4,198,30708,41475
615,615,patient_07,3,0,238,33395,41475
616,616,patient_07,3,1,367,300,41475
617,617,patient_07,3,2,216,18013,41475
618,618,patient_07,3,3,243,12329,41475
619,619,patient_07,3,4,231,34619,41475
620,620,patient_07,4,0,225,13594,41475
621,621,patient_07,4,1,217,23680,41475
622,622,patient_07,4,2,213,16335,41475
623,623,patient_07,4,3,176,15356,41475
624,624,patient_07,4,4,336,19103,41475
625,625,patient_07,5,0,2272,31013,41475
626,626,patient_07,5,1,252,34850,41475
627,627,patient_07,5,2,233,4837,41475
628,628,patient_07,5,3,254,15988,41475
629,629,patient_07,5,4,246,37131,41475
630,630,patient_07,6,0,2272,31013,41475
631,631,patient_07,6,1,246,37131,41475
632,632,patient_07,6,2,252,34850,41475
633,633,patient_07,6,3,254,15988,41475
634,634,patient_07,6,4,233,4837,41475
635,635,patient_07,7,0,241,36725,41475
636,636,patient_07,7,1,246,37131,41475
637,637,patient_07,7,2,171,26135,41475
638,638,patient_07,7,3,229,7012,41475
639,639,patient_07,7,4,241,18229,41475
640,640,patient_07,8,0,256,9295,41475
641,641,patient_07,8,1,141,12572,41475
642,642,patient_07,8,2,235,14703,41475
643,643,patient_07,8,3,229,7012,41475
644,644,patient_07,8,4,367,300,41475
645,645,patient_07,9,0,207,30254,41475
646,646,patient_07,9,1,247,30461,41475
647,647,patient_07,9,2,215,22662,41475
648,648,patient_07,9,3,240,15748,41475
649,649,patient_07,9,4,213,16335,41475
650,650,patient_07,10,0,142,37496,41475
651,651,patient_07,10,1,844,35881,41475
652,652,patient_07,10,2,147,33987,41475
653,653,patient_07,10,3,187,39305,41475
654,654,patient_07,10,4,1064,1827,41475
655,655,patient_07,11,0,1064,1827,41475
656,656,patient_07,11,1,844,35881,41475
657,657,patient_07,11,2,187,39305,41475
658,658,patient_07,11,3,147,33987,41475
659,659,patient_07,11,4,201,39492,41475
660,660,patient_07,12,0,240,15748,41475
661,661,patient_07,12,1,218,10190,41475
662,662,patient_07,12,2,213,24423,41475
663,663,patient_07,12,3,222,35623,41475
664,664,patient_07,12,4,1419,20857,41475
665,665,patient_07,13,0,231,34619,41475
666,666,patient_07,13,1,154,17658,41475
667,667,patient_07,13,2,165,7853,41475
668,668,patient_07,13,3,165,36966,41475
669,669,patient_07,13,4,256,6701,41475
670,670,patient_07,14,0,229,7012,41475
671,671,patient_07,14,1,367,300,41475
672,672,patient_07,14,2,241,18229,41475
673,673,patient_07,14,3,233,4837,41475
674,674,patient_07,14,4,240,15748,41475
675,675,patient_07,15,0,336,19103,41475
676,676,patient_07,15,1,217,23680,41475
677,677,patient_07,15,2,172,873,41475
678,678,patient_07,15,3,77,24845,41475
679,679,patient_07,15,4,298,4374,41475
680,680,patient_07,16,0,216,15532,41475
681,681,patient_07,16,1,200,23480,41475
682,682,patient_07,16,2,217,23680,41475
683,683,patient_07,16,3,183,14045,41475
684,684,patient_07,16,4,213,24423,41475
685,685,patient_07,17,0,217,30037,41475
686,686,patient_07,17,1,198,30708,41475
687,687,patient_07,17,2,230,22877,41475
688,688,patient_07,17,3,2272,31013,41475
689,689,patient_07,17,4,207,30254,41475
690,690,patient_07,18,0,187,39305,41475
691,691,patient_07,18,1,221,37765,41475
692,692,patient_07,18,2,201,39492,41475
693,693,patient_07,18,3,201,17812,41475
694,694,patient_07,18,4,249,38620,41475
695,695,patient_07,19,0,281,11347,41475
696,696,patient_07,19,1,256,6701,41475
697,697,patient_07,19,2,141,12572,41475
698,698,patient_07,19,3,211,0,41475
699,699,patient_07,19,4,256,9295,41475
700,700,patient_08,0,0,230,0,39009
701,701,patient_08,0,1,238,22841,39009
702,702,patient_08,0,2,247,1789,39009
703,703,patient_08,0,3,232,2286,39009
704,704,patient_08,0,4,168,17939,39009
705,705,patient_08,1,0,248,15983,39009
706,706,patient_08,1,1,218,19917,39009
707,707,patient_08,1,2,217,3332,39009
708,708,patient_08,1,3,238,9220,39009
709,709,patient_08,1,4,237,24445,39009
710,710,patient_08,2,0,94,4054,39009
711,711,patient_08,2,1,204,7808,39009
712,712,patient_08,2,2,241,21397,39009
713,713,patient_08,2,3,205,859,39009
714,714,patient_08,2,4,243,23728,39009
715,715,patient_08,3,0,204,8483,39009
716,716,patient_08,3,1,247,2518,39009
717,717,patient_08,3,2,223,8687,39009
718,718,patient_08,3,3,223,33306,39009
719,719,patient_08,3,4,531,29027,39009
720,720,patient_08,4,0,286,1503,39009
721,721,patient_08,4,1,250,2036,39009
722,722,patient_08,4,2,236,18360,39009
723,723,patient_08,4,3,216,2940,39009
724,724,patient_08,4,4,238,22841,39009
725,725,patient_08,5,0,217,22624,39009
726,726,patient_08,5,1,247,1789,39009
727,727,patient_08,5,2,221,10079,39009
728,728,patient_08,5,3,164,25102,39009
729,729,patient_08,5,4,216,2940,39009
730,730,patient_08,6,0,248,17113,39009
731,731,patient_08,6,1,250,2036,39009
732,732,patient_08,6,2,286,1503,39009
733,733,patient_08,6,3,216,2940,39009
734,734,patient_08,6,4,238,22841,39009
735,735,patient_08,7,0,159,34455,39009
736,736,patient_08,7,1,240,8243,39009
737,737,patient_08,7,2,141,27695,39009
738,738,patient_08,7,3,231,30314,39009
739,739,patient_08,7,4,197,35708,39009
740,740,patient_08,8,0,238,9220,39009
741,741,patient_08,8,1,253,10686,39009
742,742,patient_08,8,2,240,14593,39009
743,743,patient_08,8,3,207,9458,39009
744,744,patient_08,8,4,368,34614,39009
745,745,patient_08,9,0,368,34614,39009
746,746,patient_08,9,1,497,5647,39009
747,747,patient_08,9,2,531,29027,39009
748,748,patient_08,9,3,208,14151,39009
749,749,patient_08,9,4,251,34204,39009
750,750,patient_08,10,0,368,34614,39009
751,751,patient_08,10,1,238,20942,39009
752,752,patient_08,10,2,225,32623,39009
753,753,patient_08,10,3,208,14151,39009
754,754,patient_08,10,4,223,33306,39009
755,755,patient_08,11,0,207,23521,39009
756,756,patient_08,11,1,183,9665,39009
757,757,patient_08,11,2,238,9220,39009
758,758,patient_08,11,3,196,11604,39009
759,759,patient_08,11,4,253,10686,39009
760,760,patient_08,12,0,531,29027,39009
761,761,patient_08,12,1,497,5647,39009
762,762,patient_08,12,2,238,9220,39009
763,763,patient_08,12,3,368,34614,39009
764,764,patient_08,12,4,225,32623,39009
765,765,patient_08,13,0,243,23728,39009
766,766,patient_08,13,1,183,9665,39009
767,767,patient_08,13,2,243,12208,39009
768,768,patient_08,13,3,240,8243,39009
769,769,patient_08,13,4,211,5436,39009
770,770,patient_08,14,0,238,9220,39009
771,771,patient_08,14,1,248,15983,39009
772,772,patient_08,14,2,368,34614,39009
773,773,patient_08,14,3,240,14593,39009
774,774,patient_08,14,4,217,3332,39009
775,775,patient_08,15,0,368,34614,39009
776,776,patient_08,15,1,497,5647,39009
777,777,patient_08,15,2,531,29027,39009
778,778,patient_08,15,3,545,29558,39009
779,779,patient_08,15,4,138,31308,39009
780,780,patient_08,16,0,252,25266,39009
781,781,patient_08,16,1,238,9220,39009
782,782,patient_08,16,2,255,23971,39009
783,783,patient_08,16,3,219,24226,39009
784,784,patient_08,16,4,248,15983,39009
785,785,patient_08,17,0,617,28115,39009
786,786,patient_08,17,1,295,28732,39009
787,787,patient_08,17,2,279,27836,39009
788,788,patient_08,17,3,138,31308,39009
789,789,patient_08,17,4,606,25730,39009
790,790,patient_08,18,0,200,422,39009
791,791,patient_08,18,1,252,3802,39009
792,792,patient_08,18,2,230,0,39009
793,793,patient_08,18,3,189,31846,39009
794,794,patient_08,18,4,241,37261,39009
795,795,patient_08,19,0,207,23521,39009
796,796,patient_08,19,1,286,1503,39009
797,797,patient_08,19,2,217,22624,39009
798,798,patient_08,19,3,240,8243,39009
799,799,patient_08,19,4,216,2940,39009
800,800,patient_09,0,0,200,4819,39652
801,801,patient_09,0,1,239,32014,39652
802,802,patient_09,0,2,239,18704,39652
803,803,patient_09,0,3,239,13494,39652
804,804,patient_09,0,4,248,20971,39652
805,805,patient_09,1,0,227,5701,39652
806,806,patient_09,1,1,394,5307,39652
807,807,patient_09,1,2,237,20487,39652
808,808,patient_09,1,3,394,33549,39652
809,809,patient_09,1,4,320,18255,39652
810,810,patient_09,2,0,193,11394,39652
811,811,patient_09,2,1,221,10884,39652
812,812,patient_09,2,2,224,30990,39652
813,813,patient_09,2,3,216,4057,39652
814,814,patient_09,2,4,200,4819,39652
815,815,patient_09,3,0,175,13077,39652
816,816,patient_09,3,1,176,19322,39652
817,817,patient_09,3,2,167,11947,39652
818,818,patient_09,3,3,201,35682,39652
819,819,patient_09,3,4,320,18255,39652
820,820,patient_09,4,0,559,19498,39652
821,821,patient_09,4,1,210,27764,39652
822,822,patient_09,4,2,250,34826,39652
823,823,patient_09,4,3,222,13733,39652
824,824,patient_09,4,4,183,22049,39652
825,825,patient_09,5,0,559,19498,39652
826,826,patient_09,5,1,133,37139,39652
827,827,patient_09,5,2,394,33549,39652
828,828,patient_09,5,3,210,27764,39652
829,829,patient_09,5,4,255,20057,39652
830,830,patient_09,6,0,210,27764,39652
831,831,patient_09,6,1,224,38039,39652
832,832,patient_09,6,2,559,19498,39652
833,833,patient_09,6,3,250,34826,39652
834,834,patient_09,6,4,234,36401,39652
835,835,patient_09,7,0,252,29700,39652
836,836,patient_09,7,1,259,14574,39652
837,837,patient_09,7,2,242,13252,39652
838,838,patient_09,7,3,127,7776,39652
839,839,patient_09,7,4,220,29952,39652
840,840,patient_09,8,0,176,19322,39652
841,841,patient_09,8,1,214,31469,39652
842,842,patient_09,8,2,255,31214,39652
843,843,patient_09,8,3,248,16184,39652
844,844,patient_09,8,4,167,33382,39652
845,845,patient_09,9,0,559,19498,39652
846,846,patient_09,9,1,236,28338,39652
847,847,patient_09,9,2,174,32342,39652
848,848,patient_09,9,3,123,229,39652
849,849,patient_09,9,4,240,34586,39652
850,850,patient_09,10,0,559,19498,39652
851,851,patient_09,10,1,248,27367,39652
852,852,patient_09,10,2,394,5307,39652
853,853,patient_09,10,3,394,33549,39652
854,854,patient_09,10,4,198,21315,39652
855,855,patient_09,11,0,175,13077,39652
856,856,patient_09,11,1,247,20724,39652
857,857,patient_09,11,2,320,26652,39652
858,858,patient_09,11,3,320,18255,39652
859,859,patient_09,11,4,198,21315,39652
860,860,patient_09,12,0,228,7548,39652
861,861,patient_09,12,1,209,4492,39652
862,862,patient_09,12,2,193,11394,39652
863,863,patient_09,12,3,254,3803,39652
864,864,patient_09,12,4,248,22919,39652
865,865,patient_09,13,0,96,21219,39652
866,866,patient_09,13,1,96,36305,39652
867,867,patient_09,13,2,163,27204,39652
868,868,patient_09,13,3,178,34197,39652
869,869,patient_09,13,4,105,15166,39652
870,870,patient_09,14,0,167,33382,39652
871,871,patient_09,14,1,206,16432,39652
872,872,patient_09,14,2,198,21315,39652
873,873,patient_09,14,3,229,0,39652
874,874,patient_09,14,4,185,17802,39652
875,875,patient_09,15,0,228,7548,39652
876,876,patient_09,15,1,248,22919,39652
877,877,patient_09,15,2,254,3803,39652
878,878,patient_09,15,3,237,20487,39652
879,879,patient_09,15,4,201,35682,39652
880,880,patient_09,16,0,254,33943,39652
881,881,patient_09,16,1,232,26972,39652
882,882,patient_09,16,2,239,18704,39652
883,883,patient_09,16,3,239,13494,39652
884,884,patient_09,16,4,248,20971,39652
885,885,patient_09,17,0,209,4492,39652
886,886,patient_09,17,1,256,6811,39652
887,887,patient_09,17,2,228,7548,39652
888,888,patient_09,17,3,248,22919,39652
889,889,patient_09,17,4,243,1491,39652
890,890,patient_09,18,0,559,19498,39652
891,891,patient_09,18,1,210,27764,39652
892,892,patient_09,18,2,250,34826,39652
893,893,patient_09,18,3,238,22232,39652
894,894,patient_09,18,4,394,33549,39652
895,895,patient_09,19,0,228,7548,39652
896,896,patient_09,19,1,248,22919,39652
897,897,patient_09,19,2,254,3803,39652
898,898,patient_09,19,3,256,6811,39652
899,899,patient_09,19,4,209,4492,39652
900,900,patient_10,0,0,240,22836,42270
901,901,patient_10,0,1,596,16870,42270
902,902,patient_10,0,2,363,9756,42270
903,903,patient_10,0,3,667,25355,42270
904,904,patient_10,0,4,375,283,42270
905,905,patient_10,1,0,221,23076,42270
906,906,patient_10,1,1,667,25355,42270
907,907,patient_10,1,2,335,35832,42270
908,908,patient_10,1,3,596,16870,42270
909,909,patient_10,1,4,920,32725,42270
910,910,patient_10,2,0,142,17466,42270
911,911,patient_10,2,1,142,40086,42270
912,912,patient_10,2,2,253,4592,42270
913,913,patient_10,2,3,332,35265,42270
914,914,patient_10,2,4,240,5489,42270
915,915,patient_10,3,0,198,2578,42270
916,916,patient_10,3,1,240,5489,42270
917,917,patient_10,3,2,194,4845,42270
918,918,patient_10,3,3,253,4592,42270
919,919,patient_10,3,4,142,17466,42270
920,920,patient_10,4,0,485,2093,42270
921,921,patient_10,4,1,198,2578,42270
922,922,patient_10,4,2,231,5729,42270
923,923,patient_10,4,3,229,8456,42270
924,924,patient_10,4,4,205,12290,42270
925,925,patient_10,5,0,203,3987,42270
926,926,patient_10,5,1,1144,13376,42270
927,927,patient_10,5,2,118,36312,42270
928,928,patient_10,5,3,232,14520,42270
929,929,patient_10,5,4,255,4190,42270
930,930,patient_10,6,0,200,26022,42270
931,931,patient_10,6,1,240,28482,42270
932,932,patient_10,6,2,667,25355,42270
933,933,patient_10,6,3,149,32446,42270
934,934,patient_10,6,4,204,22397,42270
935,935,patient_10,7,0,200,7005,42270
936,936,patient_10,7,1,209,11379,42270
937,937,patient_10,7,2,667,25355,42270
938,938,patient_10,7,3,253,4592,42270
939,939,patient_10,7,4,253,11588,42270
940,940,patient_10,8,0,343,3644,42270
941,941,patient_10,8,1,122,161,42270
942,942,patient_10,8,2,240,5489,42270
943,943,patient_10,8,3,200,26022,42270
944,944,patient_10,8,4,254,658,42270
945,945,patient_10,9,0,452,24903,42270
946,946,patient_10,9,1,256,12495,42270
947,947,patient_10,9,2,188,26920,42270
948,948,patient_10,9,3,332,35265,42270
949,949,patient_10,9,4,293,39558,42270
950,950,patient_10,10,0,474,29941,42270
951,951,patient_10,10,1,507,21745,42270
952,952,patient_10,10,2,298,34710,42270
953,953,patient_10,10,3,212,23297,42270
954,954,patient_10,10,4,169,9587,42270
955,955,patient_10,11,0,217,21528,42270
956,956,patient_10,11,1,235,39851,42270
957,957,patient_10,11,2,235,22601,42270
958,958,patient_10,11,3,235,35597,42270
959,959,patient_10,11,4,215,28026,42270
960,960,patient_10,12,0,159,31463,42270
961,961,patient_10,12,1,169,32060,42270
962,962,patient_10,12,2,217,32229,42270
963,963,patient_10,12,3,920,32725,42270
964,964,patient_10,12,4,596,16870,42270
965,965,patient_10,13,0,596,16870,42270
966,966,patient_10,13,1,363,9756,42270
967,967,patient_10,13,2,375,283,42270
968,968,patient_10,13,3,240,22836,42270
969,969,patient_10,13,4,920,32725,42270
970,970,patient_10,14,0,298,34710,42270
971,971,patient_10,14,1,474,29941,42270
972,972,patient_10,14,2,507,21745,42270
973,973,patient_10,14,3,255,4190,42270
974,974,patient_10,14,4,240,22836,42270
975,975,patient_10,15,0,363,9756,42270
976,976,patient_10,15,1,596,16870,42270
977,977,patient_10,15,2,920,32725,42270
978,978,patient_10,15,3,375,283,42270
979,979,patient_10,15,4,667,25355,42270
980,980,patient_10,16,0,287,19209,42270
981,981,patient_10,16,1,217,21528,42270
982,982,patient_10,16,2,452,24903,42270
983,983,patient_10,16,3,326,16496,42270
984,984,patient_10,16,4,215,28026,42270
985,985,patient_10,17,0,246,19616,42270
986,986,patient_10,17,1,212,23297,42270
987,987,patient_10,17,2,164,20423,42270
988,988,patient_10,17,3,235,35597,42270
989,989,patient_10,17,4,235,22601,42270
990,990,patient_10,18,0,474,29941,42270
991,991,patient_10,18,1,507,21745,42270
992,992,patient_10,18,2,298,34710,42270
993,993,patient_10,18,3,255,4190,42270
994,994,patient_10,18,4,169,9587,42270
995,995,patient_10,19,0,667,25355,42270
996,996,patient_10,19,1,596,16870,42270
997,997,patient_10,19,2,188,26920,42270
998,998,patient_10,19,3,920,32725,42270
999,999,patient_10,19,4,221,23076,42270
1000,1000,patient_11,0,0,451,22735,45658
1001,1001,patient_11,0,1,451,27404,45658
1002,1002,patient_11,0,2,116,28088,45658
1003,1003,patient_11,0,3,236,14767,45658
1004,1004,patient_11,0,4,265,20290,45658
1005,1005,patient_11,1,0,193,3709,45658
1006,1006,patient_11,1,1,433,887,45658
1007,1007,patient_11,1,2,451,22735,45658
1008,1008,patient_11,1,3,451,27404,45658
1009,1009,patient_11,1,4,251,20723,45658
1010,1010,patient_11,2,0,201,615,45658
1011,1011,patient_11,2,1,221,1525,45658
1012,1012,patient_11,2,2,337,12049,45658
1013,1013,patient_11,2,3,344,2040,45658
1014,1014,patient_11,2,4,205,1320,45658
1015,1015,patient_11,3,0,451,22735,45658
1016,1016,patient_11,3,1,451,27404,45658
1017,1017,patient_11,3,2,403,2417,45658
1018,1018,patient_11,3,3,217,43115,45658
1019,1019,patient_11,3,4,344,2040,45658
1020,1020,patient_11,4,0,277,28805,45658
1021,1021,patient_11,4,1,253,11796,45658
1022,1022,patient_11,4,2,309,35175,45658
1023,1023,patient_11,4,3,259,33395,45658
1024,1024,patient_11,4,4,249,36313,45658
1025,1025,patient_11,5,0,259,33395,45658
1026,1026,patient_11,5,1,219,3336,45658
1027,1027,patient_11,5,2,343,28386,45658
1028,1028,patient_11,5,3,305,141,45658
1029,1029,patient_11,5,4,277,28805,45658
1030,1030,patient_11,6,0,253,33813,45658
1031,1031,patient_11,6,1,343,28386,45658
1032,1032,patient_11,6,2,222,34349,45658
1033,1033,patient_11,6,3,236,29082,45658
1034,1034,patient_11,6,4,217,43332,45658
1035,1035,patient_11,7,0,182,37408,45658
1036,1036,patient_11,7,1,200,29655,45658
1037,1037,patient_11,7,2,344,2040,45658
1038,1038,patient_11,7,3,277,28805,45658
1039,1039,patient_11,7,4,245,30250,45658
1040,1040,patient_11,8,0,1998,25142,45658
1041,1041,patient_11,8,1,251,20723,45658
1042,1042,patient_11,8,2,841,23759,45658
1043,1043,patient_11,8,3,193,3709,45658
1044,1044,patient_11,8,4,1093,18554,45658
1045,1045,patient_11,9,0,1497,20974,45658
1046,1046,patient_11,9,1,167,18387,45658
1047,1047,patient_11,9,2,252,9790,45658
1048,1048,patient_11,9,3,245,31769,45658
1049,1049,patient_11,9,4,200,10042,45658
1050,1050,patient_11,10,0,433,887,45658
1051,1051,patient_11,10,1,193,3709,45658
1052,1052,patient_11,10,2,692,16744,45658
1053,1053,patient_11,10,3,451,27404,45658
1054,1054,patient_11,10,4,451,22735,45658
1055,1055,patient_11,11,0,154,30096,45658
1056,1056,patient_11,11,1,344,2040,45658
1057,1057,patient_11,11,2,233,40519,45658
1058,1058,patient_11,11,3,255,31111,45658
1059,1059,patient_11,11,4,196,30739,45658
1060,1060,patient_11,12,0,227,10727,45658
1061,1061,patient_11,12,1,155,3061,45658
1062,1062,patient_11,12,2,198,12539,45658
1063,1063,patient_11,12,3,252,9790,45658
1064,1064,patient_11,12,4,179,1861,45658
1065,1065,patient_11,13,0,692,16744,45658
1066,1066,patient_11,13,1,433,887,45658
1067,1067,patient_11,13,2,1998,25142,45658
1068,1068,patient_11,13,3,451,27404,45658
1069,1069,patient_11,13,4,451,22735,45658
1070,1070,patient_11,14,0,175,11070,45658
1071,1071,patient_11,14,1,120,3216,45658
1072,1072,patient_11,14,2,211,40308,45658
1073,1073,patient_11,14,3,200,10042,45658
1074,1074,patient_11,14,4,183,42737,45658
1075,1075,patient_11,15,0,1998,25142,45658
1076,1076,patient_11,15,1,1093,18554,45658
1077,1077,patient_11,15,2,692,16744,45658
1078,1078,patient_11,15,3,233,12737,45658
1079,1079,patient_11,15,4,254,19813,45658
1080,1080,patient_11,16,0,166,19647,45658
1081,1081,patient_11,16,1,252,9790,45658
1082,1082,patient_11,16,2,229,10242,45658
1083,1083,patient_11,16,3,305,141,45658
1084,1084,patient_11,16,4,265,20290,45658
1085,1085,patient_11,17,0,226,9564,45658
1086,1086,patient_11,17,1,451,27404,45658
1087,1087,patient_11,17,2,451,22735,45658
1088,1088,patient_11,17,3,179,1861,45658
1089,1089,patient_11,17,4,153,12386,45658
1090,1090,patient_11,18,0,451,22735,45658
1091,1091,patient_11,18,1,451,27404,45658
1092,1092,patient_11,18,2,256,10471,45658
1093,1093,patient_11,18,3,344,2040,45658
1094,1094,patient_11,18,4,433,887,45658
1095,1095,patient_11,19,0,236,29082,45658
1096,1096,patient_11,19,1,253,33813,45658
1097,1097,patient_11,19,2,277,28805,45658
1098,1098,patient_11,19,3,217,43332,45658
1099,1099,patient_11,19,4,253,11796,45658
1100,1100,patient_12,0,0,168,0,47010
1101,1101,patient_12,0,1,228,3627,47010
1102,1102,patient_12,0,2,197,34636,47010
1103,1103,patient_12,0,3,244,2938,47010
1104,1104,patient_12,0,4,212,26117,47010
1105,1105,patient_12,1,0,1948,38916,47010
1106,1106,patient_12,1,1,1660,32551,47010
1107,1107,patient_12,1,2,1725,24392,47010
1108,1108,patient_12,1,3,1969,11246,47010
1109,1109,patient_12,1,4,1914,168,47010
1110,1110,patient_12,2,0,2029,16714,47010
1111,1111,patient_12,2,1,1914,168,47010
1112,1112,patient_12,2,2,251,18939,47010
1113,1113,patient_12,2,3,1660,32551,47010
1114,1114,patient_12,2,4,1725,24392,47010
1115,1115,patient_12,3,0,1914,168,47010
1116,1116,patient_12,3,1,2029,16714,47010
1117,1117,patient_12,3,2,179,13493,47010
1118,1118,patient_12,3,3,1660,32551,47010
1119,1119,patient_12,3,4,1725,24392,47010
1120,1120,patient_12,4,0,1914,168,47010
1121,1121,patient_12,4,1,1969,11246,47010
1122,1122,patient_12,4,2,1948,38916,47010
1123,1123,patient_12,4,3,1660,32551,47010
1124,1124,patient_12,4,4,1725,24392,47010
1125,1125,patient_12,5,0,160,2431,47010
1126,1126,patient_12,5,1,1948,38916,47010
1127,1127,patient_12,5,2,1725,24392,47010
1128,1128,patient_12,5,3,1660,32551,47010
1129,1129,patient_12,5,4,1969,11246,47010
1130,1130,patient_12,6,0,231,5760,47010
1131,1131,patient_12,6,1,170,5590,47010
1132,1132,patient_12,6,2,290,4864,47010
1133,1133,patient_12,6,3,230,2201,47010
1134,1134,patient_12,6,4,537,23855,47010
1135,1135,patient_12,7,0,1948,38916,47010
1136,1136,patient_12,7,1,1660,32551,47010
1137,1137,patient_12,7,2,1725,24392,47010
1138,1138,patient_12,7,3,1969,11246,47010
1139,1139,patient_12,7,4,247,22260,47010
1140,1140,patient_12,8,0,666,13672,47010
1141,1141,patient_12,8,1,212,26117,47010
1142,1142,patient_12,8,2,219,19530,47010
1143,1143,patient_12,8,3,1660,32551,47010
1144,1144,patient_12,8,4,1725,24392,47010
1145,1145,patient_12,9,0,2029,16714,47010
1146,1146,patient_12,9,1,1914,168,47010
1147,1147,patient_12,9,2,1948,38916,47010
1148,1148,patient_12,9,3,1660,32551,47010
1149,1149,patient_12,9,4,1725,24392,47010
1150,1150,patient_12,10,0,537,23855,47010
1151,1151,patient_12,10,1,238,21406,47010
1152,1152,patient_12,10,2,1969,11246,47010
1153,1153,patient_12,10,3,2029,16714,47010
1154,1154,patient_12,10,4,245,32306,47010
1155,1155,patient_12,11,0,244,2938,47010
1156,1156,patient_12,11,1,1948,38916,47010
1157,1157,patient_12,11,2,1725,24392,47010
1158,1158,patient_12,11,3,1660,32551,47010
1159,1159,patient_12,11,4,1914,168,47010
1160,1160,patient_12,12,0,198,42188,47010
1161,1161,patient_12,12,1,230,2201,47010
1162,1162,patient_12,12,2,251,18939,47010
1163,1163,patient_12,12,3,1969,11246,47010
1164,1164,patient_12,12,4,1725,24392,47010
1165,1165,patient_12,13,0,1948,38916,47010
1166,1166,patient_12,13,1,1660,32551,47010
1167,1167,patient_12,13,2,1725,24392,47010
1168,1168,patient_12,13,3,1969,11246,47010
1169,1169,patient_12,13,4,1914,168,47010
1170,1170,patient_12,14,0,227,30759,47010
1171,1171,patient_12,14,1,1914,168,47010
1172,1172,patient_12,14,2,245,30986,47010
1173,1173,patient_12,14,3,179,13493,47010
1174,1174,patient_12,14,4,2029,16714,47010
1175,1175,patient_12,15,0,3029,42638,47010
1176,1176,patient_12,15,1,968,31338,47010
1177,1177,patient_12,15,2,952,22903,47010
1178,1178,patient_12,15,3,195,14575,47010
1179,1179,patient_12,15,4,160,2431,47010
1180,1180,patient_12,16,0,952,22903,47010
1181,1181,patient_12,16,1,968,31338,47010
1182,1182,patient_12,16,2,985,15291,47010
1183,1183,patient_12,16,3,3029,42638,47010
1184,1184,patient_12,16,4,247,22260,47010
1185,1185,patient_12,17,0,968,31338,47010
1186,1186,patient_12,17,1,952,22903,47010
1187,1187,patient_12,17,2,3029,42638,47010
1188,1188,patient_12,17,3,985,15291,47010
1189,1189,patient_12,17,4,218,29076,47010
1190,1190,patient_12,18,0,345,36222,47010
1191,1191,patient_12,18,1,238,21406,47010
1192,1192,patient_12,18,2,537,23855,47010
1193,1193,patient_12,18,3,222,28633,47010
1194,1194,patient_12,18,4,666,13672,47010
1195,1195,patient_12,19,0,345,36222,47010
1196,1196,patient_12,19,1,1369,26596,47010
1197,1197,patient_12,19,2,537,23855,47010
1198,1198,patient_12,19,3,197,34636,47010
1199,1199,patient_12,19,4,238,21406,47010
1200,1200,patient_13,0,0,164,37376,44209
1201,1201,patient_13,0,1,1152,18822,44209
1202,1202,patient_13,0,2,3195,25951,44209
1203,1203,patient_13,0,3,401,35540,44209
1204,1204,patient_13,0,4,1919,5765,44209
1205,1205,patient_13,1,0,561,32002,44209
1206,1206,patient_13,1,1,237,20456,44209
1207,1207,patient_13,1,2,401,35540,44209
1208,1208,patient_13,1,3,813,29310,44209
1209,1209,patient_13,1,4,251,21970,44209
1210,1210,patient_13,2,0,286,22368,44209
1211,1211,patient_13,2,1,561,32002,44209
1212,1212,patient_13,2,2,237,20456,44209
1213,1213,patient_13,2,3,161,34373,44209
1214,1214,patient_13,2,4,401,35540,44209
1215,1215,patient_13,3,0,210,21264,44209
1216,1216,patient_13,3,1,210,33134,44209
1217,1217,patient_13,3,2,232,18343,44209
1218,1218,patient_13,3,3,222,22889,44209
1219,1219,patient_13,3,4,247,18575,44209
1220,1220,patient_13,4,0,306,15421,44209
1221,1221,patient_13,4,1,167,15047,44209
1222,1222,patient_13,4,2,173,24996,44209
1223,1223,patient_13,4,3,227,2723,44209
1224,1224,patient_13,4,4,245,34751,44209
1225,1225,patient_13,5,0,191,9183,44209
1226,1226,patient_13,5,1,561,32002,44209
1227,1227,patient_13,5,2,179,9004,44209
1228,1228,patient_13,5,3,813,29310,44209
1229,1229,patient_13,5,4,227,23590,44209
1230,1230,patient_13,6,0,561,32002,44209
1231,1231,patient_13,6,1,296,36738,44209
1232,1232,patient_13,6,2,237,20456,44209
1233,1233,patient_13,6,3,813,29310,44209
1234,1234,patient_13,6,4,266,5120,44209
1235,1235,patient_13,7,0,225,21745,44209
1236,1236,patient_13,7,1,225,33615,44209
1237,1237,patient_13,7,2,224,32563,44209
1238,1238,patient_13,7,3,224,20693,44209
1239,1239,patient_13,7,4,813,29310,44209
1240,1240,patient_13,8,0,237,20456,44209
1241,1241,patient_13,8,1,561,32002,44209
1242,1242,patient_13,8,2,296,36738,44209
1243,1243,patient_13,8,3,813,29310,44209
1244,1244,patient_13,8,4,266,5120,44209
1245,1245,patient_13,9,0,465,592,44209
1246,1246,patient_13,9,1,237,20456,44209
1247,1247,patient_13,9,2,479,23111,44209
1248,1248,patient_13,9,3,4509,38421,44209
1249,1249,patient_13,9,4,219,3720,44209
1250,1250,patient_13,10,0,108,13875,44209
1251,1251,patient_13,10,1,289,13983,44209
1252,1252,patient_13,10,2,212,2511,44209
1253,1253,patient_13,10,3,221,13504,44209
1254,1254,patient_13,10,4,561,32002,44209
1255,1255,patient_13,11,0,222,22889,44209
1256,1256,patient_13,11,1,347,32787,44209
1257,1257,patient_13,11,2,347,20917,44209
1258,1258,patient_13,11,3,95,5025,44209
1259,1259,patient_13,11,4,227,23590,44209
1260,1260,patient_13,12,0,173,24996,44209
1261,1261,patient_13,12,1,167,15047,44209
1262,1262,patient_13,12,2,245,34751,44209
1263,1263,patient_13,12,3,222,22889,44209
1264,1264,patient_13,12,4,561,32002,44209
1265,1265,patient_13,13,0,179,9004,44209
1266,1266,patient_13,13,1,217,36391,44209
1267,1267,patient_13,13,2,227,23590,44209
1268,1268,patient_13,13,3,224,9374,44209
1269,1269,patient_13,13,4,224,20693,44209
1270,1270,patient_13,14,0,385,31217,44209
1271,1271,patient_13,14,1,222,22889,44209
1272,1272,patient_13,14,2,245,34751,44209
1273,1273,patient_13,14,3,401,35540,44209
1274,1274,patient_13,14,4,187,30635,44209
1275,1275,patient_13,15,0,222,22889,44209
1276,1276,patient_13,15,1,235,22654,44209
1277,1277,patient_13,15,2,205,16169,44209
1278,1278,patient_13,15,3,217,34534,44209
1279,1279,patient_13,15,4,183,15896,44209
1280,1280,patient_13,16,0,224,20693,44209
1281,1281,patient_13,16,1,224,32563,44209
1282,1282,patient_13,16,2,227,23590,44209
1283,1283,patient_13,16,3,224,9374,44209
1284,1284,patient_13,16,4,275,30123,44209
1285,1285,patient_13,17,0,218,24231,44209
1286,1286,patient_13,17,1,177,24449,44209
1287,1287,patient_13,17,2,813,29310,44209
1288,1288,patient_13,17,3,401,35540,44209
1289,1289,patient_13,17,4,191,9183,44209
1290,1290,patient_13,18,0,1919,5765,44209
1291,1291,patient_13,18,1,401,35540,44209
1292,1292,patient_13,18,2,188,4837,44209
1293,1293,patient_13,18,3,1152,18822,44209
1294,1294,patient_13,18,4,293,37540,44209
1295,1295,patient_13,19,0,235,22654,44209
1296,1296,patient_13,19,1,217,34534,44209
1297,1297,patient_13,19,2,561,32002,44209
1298,1298,patient_13,19,3,401,35540,44209
1299,1299,patient_13,19,4,306,15421,44209
1300,1300,patient_14,0,0,250,7711,42271
1301,1301,patient_14,0,1,166,31649,42271
1302,1302,patient_14,0,2,591,34910,42271
1303,1303,patient_14,0,3,383,34527,42271
1304,1304,patient_14,0,4,313,29261,42271
1305,1305,patient_14,1,0,203,6857,42271
1306,1306,patient_14,1,1,200,2796,42271
1307,1307,patient_14,1,2,126,6731,42271
1308,1308,patient_14,1,3,136,2660,42271
1309,1309,patient_14,1,4,244,13921,42271
1310,1310,patient_14,2,0,250,7711,42271
1311,1311,patient_14,2,1,244,13921,42271
1312,1312,patient_14,2,2,158,14812,42271
1313,1313,patient_14,2,3,203,6857,42271
1314,1314,patient_14,2,4,253,24902,42271
1315,1315,patient_14,3,0,250,16344,42271
1316,1316,patient_14,3,1,266,27309,42271
1317,1317,patient_14,3,2,182,3538,42271
1318,1318,patient_14,3,3,230,11760,42271
1319,1319,patient_14,3,4,272,28989,42271
1320,1320,patient_14,4,0,1958,4773,42271
1321,1321,patient_14,4,1,1619,39326,42271
1322,1322,patient_14,4,2,2348,21094,42271
1323,1323,patient_14,4,3,272,28989,42271
1324,1324,patient_14,4,4,266,27309,42271
1325,1325,patient_14,5,0,121,26666,42271
1326,1326,patient_14,5,1,246,26420,42271
1327,1327,patient_14,5,2,211,20883,42271
1328,1328,patient_14,5,3,254,18546,42271
1329,1329,patient_14,5,4,214,28775,42271
1330,1330,patient_14,6,0,178,35632,42271
1331,1331,patient_14,6,1,218,28557,42271
1332,1332,patient_14,6,2,195,26225,42271
1333,1333,patient_14,6,3,232,35810,42271
1334,1334,patient_14,6,4,244,38542,42271
1335,1335,patient_14,7,0,383,34527,42271
1336,1336,patient_14,7,1,313,29261,42271
1337,1337,patient_14,7,2,326,27575,42271
1338,1338,patient_14,7,3,320,23442,42271
1339,1339,patient_14,7,4,230,11760,42271
1340,1340,patient_14,8,0,211,13499,42271
1341,1341,patient_14,8,1,165,12479,42271
1342,1342,patient_14,8,2,253,13058,42271
1343,1343,patient_14,8,3,230,37180,42271
1344,1344,patient_14,8,4,197,12861,42271
1345,1345,patient_14,9,0,156,37868,42271
1346,1346,patient_14,9,1,230,11760,42271
1347,1347,patient_14,9,2,326,27575,42271
1348,1348,patient_14,9,3,320,23442,42271
1349,1349,patient_14,9,4,383,34527,42271
1350,1350,patient_14,10,0,1958,4773,42271
1351,1351,patient_14,10,1,2348,21094,42271
1352,1352,patient_14,10,2,1619,39326,42271
1353,1353,patient_14,10,3,761,1899,42271
1354,1354,patient_14,10,4,608,23762,42271
1355,1355,patient_14,11,0,137,28420,42271
1356,1356,patient_14,11,1,183,39040,42271
1357,1357,patient_14,11,2,231,26787,42271
1358,1358,patient_14,11,3,131,35501,42271
1359,1359,patient_14,11,4,253,24902,42271
1360,1360,patient_14,12,0,320,23442,42271
1361,1361,patient_14,12,1,313,29261,42271
1362,1362,patient_14,12,2,383,34527,42271
1363,1363,patient_14,12,3,326,27575,42271
1364,1364,patient_14,12,4,230,11760,42271
1365,1365,patient_14,13,0,591,34910,42271
1366,1366,patient_14,13,1,540,29574,42271
1367,1367,patient_14,13,2,670,11090,42271
1368,1368,patient_14,13,3,608,23762,42271
1369,1369,patient_14,13,4,519,27901,42271
1370,1370,patient_14,14,0,250,7711,42271
1371,1371,patient_14,14,1,383,34527,42271
1372,1372,patient_14,14,2,260,14552,42271
1373,1373,patient_14,14,3,158,14812,42271
1374,1374,patient_14,14,4,221,9621,42271
1375,1375,patient_14,15,0,1852,32675,42271
1376,1376,patient_14,15,1,166,31649,42271
1377,1377,patient_14,15,2,670,11090,42271
1378,1378,patient_14,15,3,206,1127,42271
1379,1379,patient_14,15,4,761,1899,42271
1380,1380,patient_14,16,0,1958,4773,42271
1381,1381,patient_14,16,1,1619,39326,42271
1382,1382,patient_14,16,2,2348,21094,42271
1383,1383,patient_14,16,3,1852,32675,42271
1384,1384,patient_14,16,4,221,30362,42271
1385,1385,patient_14,17,0,230,11760,42271
1386,1386,patient_14,17,1,320,23442,42271
1387,1387,patient_14,17,2,326,27575,42271
1388,1388,patient_14,17,3,313,29261,42271
1389,1389,patient_14,17,4,383,34527,42271
1390,1390,patient_14,18,0,1852,32675,42271
1391,1391,patient_14,18,1,761,1899,42271
1392,1392,patient_14,18,2,608,23762,42271
1393,1393,patient_14,18,3,166,31649,42271
1394,1394,patient_14,18,4,250,7711,42271
1395,1395,patient_14,19,0,1852,32675,42271
1396,1396,patient_14,19,1,761,1899,42271
1397,1397,patient_14,19,2,166,31649,42271
1398,1398,patient_14,19,3,224,9397,42271
1399,1399,patient_14,19,4,670,11090,42271
1400,1400,patient_15,0,0,487,15265,43387
1401,1401,patient_15,0,1,492,7939,43387
1402,1402,patient_15,0,2,479,32948,43387
1403,1403,patient_15,0,3,479,25320,43387
1404,1404,patient_15,0,4,479,21790,43387
1405,1405,patient_15,1,0,184,10226,43387
1406,1406,patient_15,1,1,291,35088,43387
1407,1407,patient_15,1,2,159,27387,43387
1408,1408,patient_15,1,3,182,23931,43387
1409,1409,patient_15,1,4,492,7939,43387
1410,1410,patient_15,2,0,217,489,43387
1411,1411,patient_15,2,1,169,320,43387
1412,1412,patient_15,2,2,222,2301,43387
1413,1413,patient_15,2,3,180,41522,43387
1414,1414,patient_15,2,4,180,1320,43387
1415,1415,patient_15,3,0,180,1320,43387
1416,1416,patient_15,3,1,140,1180,43387
1417,1417,patient_15,3,2,247,1689,43387
1418,1418,patient_15,3,3,180,41522,43387
1419,1419,patient_15,3,4,235,40573,43387
1420,1420,patient_15,4,0,151,2150,43387
1421,1421,patient_15,4,1,167,15098,43387
1422,1422,patient_15,4,2,222,2301,43387
1423,1423,patient_15,4,3,247,1689,43387
1424,1424,patient_15,4,4,216,24113,43387
1425,1425,patient_15,5,0,492,7939,43387
1426,1426,patient_15,5,1,487,15265,43387
1427,1427,patient_15,5,2,479,32948,43387
1428,1428,patient_15,5,3,479,25320,43387
1429,1429,patient_15,5,4,479,21790,43387
1430,1430,patient_15,6,0,378,3464,43387
1431,1431,patient_15,6,1,302,16635,43387
1432,1432,patient_15,6,2,211,3842,43387
1433,1433,patient_15,6,3,245,9411,43387
1434,1434,patient_15,6,4,135,23654,43387
1435,1435,patient_15,7,0,201,5007,43387
1436,1436,patient_15,7,1,195,5621,43387
1437,1437,patient_15,7,2,152,4648,43387
1438,1438,patient_15,7,3,378,3464,43387
1439,1439,patient_15,7,4,191,5430,43387
1440,1440,patient_15,8,0,384,39634,43387
1441,1441,patient_15,8,1,221,38440,43387
1442,1442,patient_15,8,2,300,38140,43387
1443,1443,patient_15,8,3,62,40018,43387
1444,1444,patient_15,8,4,809,38825,43387
1445,1445,patient_15,9,0,167,15098,43387
1446,1446,patient_15,9,1,479,32948,43387
1447,1447,patient_15,9,2,479,21790,43387
1448,1448,patient_15,9,3,479,25320,43387
1449,1449,patient_15,9,4,492,7939,43387
1450,1450,patient_15,10,0,171,36934,43387
1451,1451,patient_15,10,1,180,41522,43387
1452,1452,patient_15,10,2,232,37242,43387
1453,1453,patient_15,10,3,246,40327,43387
1454,1454,patient_15,10,4,155,35879,43387
1455,1455,patient_15,11,0,195,23459,43387
1456,1456,patient_15,11,1,194,34617,43387
1457,1457,patient_15,11,2,194,26916,43387
1458,1458,patient_15,11,3,186,9656,43387
1459,1459,patient_15,11,4,201,16937,43387
1460,1460,patient_15,12,0,3682,28496,43387
1461,1461,patient_15,12,1,291,35088,43387
1462,1462,patient_15,12,2,184,10226,43387
1463,1463,patient_15,12,3,159,27387,43387
1464,1464,patient_15,12,4,492,7939,43387
1465,1465,patient_15,13,0,250,2523,43387
1466,1466,patient_15,13,1,167,15098,43387
1467,1467,patient_15,13,2,186,9656,43387
1468,1468,patient_15,13,3,201,16937,43387
1469,1469,patient_15,13,4,291,35088,43387
1470,1470,patient_15,14,0,142,34946,43387
1471,1471,patient_15,14,1,142,27245,43387
1472,1472,patient_15,14,2,142,23789,43387
1473,1473,patient_15,14,3,174,17335,43387
1474,1474,patient_15,14,4,221,10005,43387
1475,1475,patient_15,15,0,224,33569,43387
1476,1476,patient_15,15,1,224,25941,43387
1477,1477,patient_15,15,2,224,22411,43387
1478,1478,patient_15,15,3,211,15752,43387
1479,1479,patient_15,15,4,240,8431,43387
1480,1480,patient_15,16,0,237,10836,43387
1481,1481,patient_15,16,1,186,9656,43387
1482,1482,patient_15,16,2,201,16937,43387
1483,1483,patient_15,16,3,210,2773,43387
1484,1484,patient_15,16,4,189,1500,43387
1485,1485,patient_15,17,0,231,15963,43387
1486,1486,patient_15,17,1,245,35634,43387
1487,1487,patient_15,17,2,199,33793,43387
1488,1488,patient_15,17,3,199,26165,43387
1489,1489,patient_15,17,4,199,22635,43387
1490,1490,patient_15,18,0,167,15098,43387
1491,1491,patient_15,18,1,300,38140,43387
1492,1492,patient_15,18,2,492,7939,43387
1493,1493,patient_15,18,3,487,15265,43387
1494,1494,patient_15,18,4,479,21790,43387
1495,1495,patient_15,19,0,492,7939,43387
1496,1496,patient_15,19,1,487,15265,43387
1497,1497,patient_15,19,2,479,32948,43387
1498,1498,patient_15,19,3,479,25320,43387
1499,1499,patient_15,19,4,479,21790,43387
1500,1500,patient_16,0,0,253,12832,41530
1501,1501,patient_16,0,1,266,25292,41530
1502,1502,patient_16,0,2,182,708,41530
1503,1503,patient_16,0,3,256,34482,41530
1504,1504,patient_16,0,4,1879,29734,41530
1505,1505,patient_16,1,0,547,161,41530
1506,1506,patient_16,1,1,1002,1714,41530
1507,1507,patient_16,1,2,1879,29734,41530
1508,1508,patient_16,1,3,256,34482,41530
1509,1509,patient_16,1,4,253,12832,41530
1510,1510,patient_16,2,0,171,1543,41530
1511,1511,patient_16,2,1,220,15876,41530
1512,1512,patient_16,2,2,248,13695,41530
1513,1513,patient_16,2,3,176,15700,41530
1514,1514,patient_16,2,4,201,19136,41530
1515,1515,patient_16,3,0,604,9535,41530
1516,1516,patient_16,3,1,230,8266,41530
1517,1517,patient_16,3,2,211,8055,41530
1518,1518,patient_16,3,3,254,8645,41530
1519,1519,patient_16,3,4,149,8496,41530
1520,1520,patient_16,4,0,171,1543,41530
1521,1521,patient_16,4,1,147,5362,41530
1522,1522,patient_16,4,2,1879,29734,41530
1523,1523,patient_16,4,3,208,34967,41530
1524,1524,patient_16,4,4,194,20475,41530
1525,1525,patient_16,5,0,219,16260,41530
1526,1526,patient_16,5,1,217,17585,41530
1527,1527,patient_16,5,2,222,14583,41530
1528,1528,patient_16,5,3,604,9535,41530
1529,1529,patient_16,5,4,181,4417,41530
1530,1530,patient_16,6,0,183,9352,41530
1531,1531,patient_16,6,1,781,28953,41530
1532,1532,patient_16,6,2,1107,27846,41530
1533,1533,patient_16,6,3,604,9535,41530
1534,1534,patient_16,6,4,230,8266,41530
1535,1535,patient_16,7,0,320,6826,41530
1536,1536,patient_16,7,1,244,36911,41530
1537,1537,patient_16,7,2,1879,29734,41530
1538,1538,patient_16,7,3,147,5362,41530
1539,1539,patient_16,7,4,255,14328,41530
1540,1540,patient_16,8,0,130,38250,41530
1541,1541,patient_16,8,1,244,36911,41530
1542,1542,patient_16,8,2,115,33262,41530
1543,1543,patient_16,8,3,236,38380,41530
1544,1544,patient_16,8,4,206,37818,41530
1545,1545,patient_16,9,0,115,33262,41530
1546,1546,patient_16,9,1,186,36725,41530
1547,1547,patient_16,9,2,208,31613,41530
1548,1548,patient_16,9,3,252,33010,41530
1549,1549,patient_16,9,4,247,36224,41530
1550,1550,patient_16,10,0,115,33262,41530
1551,1551,patient_16,10,1,186,36725,41530
1552,1552,patient_16,10,2,253,19493,41530
1553,1553,patient_16,10,3,121,12464,41530
1554,1554,patient_16,10,4,252,33010,41530
1555,1555,patient_16,11,0,1105,33377,41530
1556,1556,patient_16,11,1,1612,38616,41530
1557,1557,patient_16,11,2,207,16921,41530
1558,1558,patient_16,11,3,201,19136,41530
1559,1559,patient_16,11,4,198,23051,41530
1560,1560,patient_16,12,0,781,28953,41530
1561,1561,patient_16,12,1,1820,10644,41530
1562,1562,patient_16,12,2,183,9352,41530
1563,1563,patient_16,12,3,604,9535,41530
1564,1564,patient_16,12,4,251,8899,41530
1565,1565,patient_16,13,0,214,14114,41530
1566,1566,patient_16,13,1,229,16479,41530
1567,1567,patient_16,13,2,171,18610,41530
1568,1568,patient_16,13,3,211,20264,41530
1569,1569,patient_16,13,4,229,34738,41530
1570,1570,patient_16,14,0,183,9352,41530
1571,1571,patient_16,14,1,251,8899,41530
1572,1572,patient_16,14,2,1107,27846,41530
1573,1573,patient_16,14,3,225,4730,41530
1574,1574,patient_16,14,4,211,8055,41530
1575,1575,patient_16,15,0,1612,38616,41530
1576,1576,patient_16,15,1,1105,33377,41530
1577,1577,patient_16,15,2,229,10139,41530
1578,1578,patient_16,15,3,604,9535,41530
1579,1579,patient_16,15,4,221,21203,41530
1580,1580,patient_16,16,0,147,5362,41530
1581,1581,patient_16,16,1,229,10139,41530
1582,1582,patient_16,16,2,604,9535,41530
1583,1583,patient_16,16,3,320,6826,41530
1584,1584,patient_16,16,4,217,3361,41530
1585,1585,patient_16,17,0,1002,1714,41530
1586,1586,patient_16,17,1,1879,29734,41530
1587,1587,patient_16,17,2,218,22428,41530
1588,1588,patient_16,17,3,208,31613,41530
1589,1589,patient_16,17,4,547,161,41530
1590,1590,patient_16,18,0,1105,33377,41530
1591,1591,patient_16,18,1,1612,38616,41530
1592,1592,patient_16,18,2,604,9535,41530
1593,1593,patient_16,18,3,226,6043,41530
1594,1594,patient_16,18,4,781,28953,41530
1595,1595,patient_16,19,0,253,19493,41530
1596,1596,patient_16,19,1,1879,29734,41530
1597,1597,patient_16,19,2,212,18924,41530
1598,1598,patient_16,19,3,255,14328,41530
1599,1599,patient_16,19,4,251,17128,41530
1600,1600,patient_17,0,0,156,3883,41835
1601,1601,patient_17,0,1,223,7795,41835
1602,1602,patient_17,0,2,152,13145,41835
1603,1603,patient_17,0,3,163,0,41835
1604,1604,patient_17,0,4,467,163,41835
1605,1605,patient_17,1,0,234,5494,41835
1606,1606,patient_17,1,1,131,16310,41835
1607,1607,patient_17,1,2,861,1176,41835
1608,1608,patient_17,1,3,179,11219,41835
1609,1609,patient_17,1,4,1270,9065,41835
1610,1610,patient_17,2,0,256,10963,41835
1611,1611,patient_17,2,1,178,5728,41835
1612,1612,patient_17,2,2,155,18688,41835
1613,1613,patient_17,2,3,241,24936,41835
1614,1614,patient_17,2,4,1045,13297,41835
1615,1615,patient_17,3,0,230,2516,41835
1616,1616,patient_17,3,1,256,10963,41835
1617,1617,patient_17,3,2,155,18688,41835
1618,1618,patient_17,3,3,194,5906,41835
1619,1619,patient_17,3,4,1047,8018,41835
1620,1620,patient_17,4,0,1405,39214,41835
1621,1621,patient_17,4,1,2107,19547,41835
1622,1622,patient_17,4,2,444,3301,41835
1623,1623,patient_17,4,3,1270,9065,41835
1624,1624,patient_17,4,4,861,1176,41835
1625,1625,patient_17,5,0,208,10755,41835
1626,1626,patient_17,5,1,129,18559,41835
1627,1627,patient_17,5,2,231,15441,41835
1628,1628,patient_17,5,3,194,5906,41835
1629,1629,patient_17,5,4,230,2516,41835
1630,1630,patient_17,6,0,444,3301,41835
1631,1631,patient_17,6,1,102,39112,41835
1632,1632,patient_17,6,2,243,28047,41835
1633,1633,patient_17,6,3,256,10963,41835
1634,1634,patient_17,6,4,237,28290,41835
1635,1635,patient_17,7,0,1405,39214,41835
1636,1636,patient_17,7,1,469,4039,41835
1637,1637,patient_17,7,2,467,163,41835
1638,1638,patient_17,7,3,1047,8018,41835
1639,1639,patient_17,7,4,1045,13297,41835
1640,1640,patient_17,8,0,861,1176,41835
1641,1641,patient_17,8,1,256,10963,41835
1642,1642,patient_17,8,2,1270,9065,41835
1643,1643,patient_17,8,3,231,15441,41835
1644,1644,patient_17,8,4,227,2037,41835
1645,1645,patient_17,9,0,234,10521,41835
1646,1646,patient_17,9,1,248,18311,41835
1647,1647,patient_17,9,2,203,4864,41835
1648,1648,patient_17,9,3,1068,6493,41835
1649,1649,patient_17,9,4,1215,35219,41835
1650,1650,patient_17,10,0,181,718,41835
1651,1651,patient_17,10,1,234,14975,41835
1652,1652,patient_17,10,2,195,18116,41835
1653,1653,patient_17,10,3,186,10335,41835
1654,1654,patient_17,10,4,444,3301,41835
1655,1655,patient_17,11,0,467,163,41835
1656,1656,patient_17,11,1,469,4039,41835
1657,1657,patient_17,11,2,179,11219,41835
1658,1658,patient_17,11,3,1270,9065,41835
1659,1659,patient_17,11,4,1047,8018,41835
1660,1660,patient_17,12,0,467,163,41835
1661,1661,patient_17,12,1,469,4039,41835
1662,1662,patient_17,12,2,1047,8018,41835
1663,1663,patient_17,12,3,1215,35219,41835
1664,1664,patient_17,12,4,1045,13297,41835
1665,1665,patient_17,13,0,249,32630,41835
1666,1666,patient_17,13,1,1045,13297,41835
1667,1667,patient_17,13,2,1047,8018,41835
1668,1668,patient_17,13,3,246,26483,41835
1669,1669,patient_17,13,4,1215,35219,41835
1670,1670,patient_17,14,0,861,1176,41835
1671,1671,patient_17,14,1,1270,9065,41835
1672,1672,patient_17,14,2,246,26483,41835
1673,1673,patient_17,14,3,234,5494,41835
1674,1674,patient_17,14,4,231,15441,41835
1675,1675,patient_17,15,0,149,31679,41835
1676,1676,patient_17,15,1,187,28527,41835
1677,1677,patient_17,15,2,181,28714,41835
1678,1678,patient_17,15,3,250,29369,41835
1679,1679,patient_17,15,4,164,21654,41835
1680,1680,patient_17,16,0,235,22455,41835
1681,1681,patient_17,16,1,207,23433,41835
1682,1682,patient_17,16,2,234,7561,41835
1683,1683,patient_17,16,3,218,22933,41835
1684,1684,patient_17,16,4,232,15209,41835
1685,1685,patient_17,17,0,249,32180,41835
1686,1686,patient_17,17,1,202,4508,41835
1687,1687,patient_17,17,2,1045,13297,41835
1688,1688,patient_17,17,3,193,899,41835
1689,1689,patient_17,17,4,1215,35219,41835
1690,1690,patient_17,18,0,2107,19547,41835
1691,1691,patient_17,18,1,1405,39214,41835
1692,1692,patient_17,18,2,1068,6493,41835
1693,1693,patient_17,18,3,1047,8018,41835
1694,1694,patient_17,18,4,444,3301,41835
1695,1695,patient_17,19,0,255,24118,41835
1696,1696,patient_17,19,1,128,23151,41835
1697,1697,patient_17,19,2,217,22238,41835
1698,1698,patient_17,19,3,164,21654,41835
1699,1699,patient_17,19,4,234,23640,41835
1700,1700,patient_18,0,0,221,17584,42802
1701,1701,patient_18,0,1,247,29748,42802
1702,1702,patient_18,0,2,210,2236,42802
1703,1703,patient_18,0,3,495,23768,42802
1704,1704,patient_18,0,4,450,173,42802
1705,1705,patient_18,1,0,251,6921,42802
1706,1706,patient_18,1,1,226,9484,42802
1707,1707,patient_18,1,2,75,8352,42802
1708,1708,patient_18,1,3,221,17584,42802
1709,1709,patient_18,1,4,209,8427,42802
1710,1710,patient_18,2,0,990,7172,42802
1711,1711,patient_18,2,1,1166,33288,42802
1712,1712,patient_18,2,2,850,10501,42802
1713,1713,patient_18,2,3,916,31674,42802
1714,1714,patient_18,2,4,857,12525,42802
1715,1715,patient_18,3,0,242,2660,42802
1716,1716,patient_18,3,1,250,35553,42802
1717,1717,patient_18,3,2,248,2902,42802
1718,1718,patient_18,3,3,495,23768,42802
1719,1719,patient_18,3,4,230,26636,42802
1720,1720,patient_18,4,0,1800,39567,42802
1721,1721,patient_18,4,1,1942,14274,42802
1722,1722,patient_18,4,2,180,14094,42802
1723,1723,patient_18,4,3,251,6921,42802
1724,1724,patient_18,4,4,424,25629,42802
1725,1725,patient_18,5,0,144,4590,42802
1726,1726,patient_18,5,1,236,29512,42802
1727,1727,patient_18,5,2,408,30656,42802
1728,1728,patient_18,5,3,176,20026,42802
1729,1729,patient_18,5,4,234,19559,42802
1730,1730,patient_18,6,0,163,9321,42802
1731,1731,patient_18,6,1,443,27563,42802
1732,1732,patient_18,6,2,345,26053,42802
1733,1733,patient_18,6,3,205,9817,42802
1734,1734,patient_18,6,4,450,173,42802
1735,1735,patient_18,7,0,500,24445,42802
1736,1736,patient_18,7,1,245,23523,42802
1737,1737,patient_18,7,2,202,28410,42802
1738,1738,patient_18,7,3,248,2902,42802
1739,1739,patient_18,7,4,138,28893,42802
1740,1740,patient_18,8,0,235,4225,42802
1741,1741,patient_18,8,1,236,29512,42802
1742,1742,patient_18,8,2,857,12525,42802
1743,1743,patient_18,8,3,850,10501,42802
1744,1744,patient_18,8,4,990,7172,42802
1745,1745,patient_18,9,0,248,623,42802
1746,1746,patient_18,9,1,450,173,42802
1747,1747,patient_18,9,2,251,6921,42802
1748,1748,patient_18,9,3,221,17584,42802
1749,1749,patient_18,9,4,209,8427,42802
1750,1750,patient_18,10,0,443,27563,42802
1751,1751,patient_18,10,1,163,9321,42802
1752,1752,patient_18,10,2,345,26053,42802
1753,1753,patient_18,10,3,408,30656,42802
1754,1754,patient_18,10,4,219,8829,42802
1755,1755,patient_18,11,0,155,17429,42802
1756,1756,patient_18,11,1,176,20026,42802
1757,1757,patient_18,11,2,245,23523,42802
1758,1758,patient_18,11,3,154,39220,42802
1759,1759,patient_18,11,4,202,21531,42802
1760,1760,patient_18,12,0,202,28410,42802
1761,1761,patient_18,12,1,500,24445,42802
1762,1762,patient_18,12,2,247,30162,42802
1763,1763,patient_18,12,3,247,3794,42802
1764,1764,patient_18,12,4,221,17584,42802
1765,1765,patient_18,13,0,155,17429,42802
1766,1766,patient_18,13,1,176,20026,42802
1767,1767,patient_18,13,2,202,21531,42802
1768,1768,patient_18,13,3,188,16216,42802
1769,1769,patient_18,13,4,144,4590,42802
1770,1770,patient_18,14,0,245,23523,42802
1771,1771,patient_18,14,1,138,28893,42802
1772,1772,patient_18,14,2,176,20026,42802
1773,1773,patient_18,14,3,857,12525,42802
1774,1774,patient_18,14,4,990,7172,42802
1775,1775,patient_18,15,0,221,17584,42802
1776,1776,patient_18,15,1,223,3364,42802
1777,1777,patient_18,15,2,247,3794,42802
1778,1778,patient_18,15,3,443,27563,42802
1779,1779,patient_18,15,4,292,24945,42802
1780,1780,patient_18,16,0,1800,39567,42802
1781,1781,patient_18,16,1,1942,14274,42802
1782,1782,patient_18,16,2,219,8829,42802
1783,1783,patient_18,16,3,204,942,42802
1784,1784,patient_18,16,4,434,1550,42802
1785,1785,patient_18,17,0,219,8829,42802
1786,1786,patient_18,17,1,2091,37129,42802
1787,1787,patient_18,17,2,443,27563,42802
1788,1788,patient_18,17,3,408,30656,42802
1789,1789,patient_18,17,4,281,28612,42802
1790,1790,patient_18,18,0,2042,4865,42802
1791,1791,patient_18,18,1,990,7172,42802
1792,1792,patient_18,18,2,850,10501,42802
1793,1793,patient_18,18,3,857,12525,42802
1794,1794,patient_18,18,4,916,31674,42802
1795,1795,patient_18,19,0,495,23768,42802
1796,1796,patient_18,19,1,223,3364,42802
1797,1797,patient_18,19,2,224,25237,42802
1798,1798,patient_18,19,3,202,28410,42802
1799,1799,patient_18,19,4,247,3794,42802
1800,1800,patient_19,0,0,561,16336,44798
1801,1801,patient_19,0,1,618,5422,44798
1802,1802,patient_19,0,2,594,10298,44798
1803,1803,patient_19,0,3,608,38536,44798
1804,1804,patient_19,0,4,507,170,44798
1805,1805,patient_19,1,0,243,40043,44798
1806,1806,patient_19,1,1,561,16336,44798
1807,1807,patient_19,1,2,245,1292,44798
1808,1808,patient_19,1,3,594,10298,44798
1809,1809,patient_19,1,4,618,5422,44798
1810,1810,patient_19,2,0,222,18475,44798
1811,1811,patient_19,2,1,219,905,44798
1812,1812,patient_19,2,2,213,7672,44798
1813,1813,patient_19,2,3,170,8020,44798
1814,1814,patient_19,2,4,251,6957,44798
1815,1815,patient_19,3,0,561,16336,44798
1816,1816,patient_19,3,1,507,170,44798
1817,1817,patient_19,3,2,618,5422,44798
1818,1818,patient_19,3,3,608,38536,44798
1819,1819,patient_19,3,4,198,3245,44798
1820,1820,patient_19,4,0,166,32399,44798
1821,1821,patient_19,4,1,608,38536,44798
1822,1822,patient_19,4,2,663,22985,44798
1823,1823,patient_19,4,3,243,40043,44798
1824,1824,patient_19,4,4,222,29914,44798
1825,1825,patient_19,5,0,218,1537,44798
1826,1826,patient_19,5,1,211,17079,44798
1827,1827,patient_19,5,2,211,11269,44798
1828,1828,patient_19,5,3,220,7452,44798
1829,1829,patient_19,5,4,246,6711,44798
1830,1830,patient_19,6,0,252,27478,44798
1831,1831,patient_19,6,1,222,18475,44798
1832,1832,patient_19,6,2,227,27796,44798
1833,1833,patient_19,6,3,243,18697,44798
1834,1834,patient_19,6,4,608,38536,44798
1835,1835,patient_19,7,0,251,6957,44798
1836,1836,patient_19,7,1,247,39629,44798
1837,1837,patient_19,7,2,234,40747,44798
1838,1838,patient_19,7,3,219,905,44798
1839,1839,patient_19,7,4,198,3245,44798
1840,1840,patient_19,8,0,42,2010,44798
1841,1841,patient_19,8,1,167,39876,44798
1842,1842,patient_19,8,2,141,24829,44798
1843,1843,patient_19,8,3,216,17290,44798
1844,1844,patient_19,8,4,220,7452,44798
1845,1845,patient_19,9,0,237,40286,44798
1846,1846,patient_19,9,1,243,40043,44798
1847,1847,patient_19,9,2,245,1292,44798
1848,1848,patient_19,9,3,277,33316,44798
1849,1849,patient_19,9,4,434,30182,44798
1850,1850,patient_19,10,0,608,38536,44798
1851,1851,patient_19,10,1,663,22985,44798
1852,1852,patient_19,10,2,561,16336,44798
1853,1853,patient_19,10,3,618,5422,44798
1854,1854,patient_19,10,4,594,10298,44798
1855,1855,patient_19,11,0,618,5422,44798
1856,1856,patient_19,11,1,561,16336,44798
1857,1857,patient_19,11,2,507,170,44798
1858,1858,patient_19,11,3,608,38536,44798
1859,1859,patient_19,11,4,241,8813,44798
1860,1860,patient_19,12,0,195,19791,44798
1861,1861,patient_19,12,1,222,18475,44798
1862,1862,patient_19,12,2,172,2818,44798
1863,1863,patient_19,12,3,663,22985,44798
1864,1864,patient_19,12,4,608,38536,44798
1865,1865,patient_19,13,0,241,8813,44798
1866,1866,patient_19,13,1,222,18475,44798
1867,1867,patient_19,13,2,488,31282,44798
1868,1868,patient_19,13,3,2481,36055,44798
1869,1869,patient_19,13,4,434,30182,44798
1870,1870,patient_19,14,0,629,9611,44798
1871,1871,patient_19,14,1,780,4642,44798
1872,1872,patient_19,14,2,671,6040,44798
1873,1873,patient_19,14,3,766,2052,44798
1874,1874,patient_19,14,4,2481,36055,44798
1875,1875,patient_19,15,0,201,12381,44798
1876,1876,patient_19,15,1,2481,36055,44798
1877,1877,patient_19,15,2,766,2052,44798
1878,1878,patient_19,15,3,780,4642,44798
1879,1879,patient_19,15,4,671,6040,44798
1880,1880,patient_19,16,0,222,18475,44798
1881,1881,patient_19,16,1,2481,36055,44798
1882,1882,patient_19,16,2,252,27478,44798
1883,1883,patient_19,16,3,629,9611,44798
1884,1884,patient_19,16,4,172,2818,44798
1885,1885,patient_19,17,0,2481,36055,44798
1886,1886,patient_19,17,1,2293,25094,44798
1887,1887,patient_19,17,2,245,1292,44798
1888,1888,patient_19,17,3,219,905,44798
1889,1889,patient_19,17,4,173,28574,44798
1890,1890,patient_19,18,0,244,35797,44798
1891,1891,patient_19,18,1,173,28574,44798
1892,1892,patient_19,18,2,245,1292,44798
1893,1893,patient_19,18,3,2293,25094,44798
1894,1894,patient_19,18,4,219,905,44798
1895,1895,patient_19,19,0,216,28191,44798
1896,1896,patient_19,19,1,168,28023,44798
1897,1897,patient_19,19,2,198,3245,44798
1898,1898,patient_19,19,3,255,2990,44798
1899,1899,patient_19,19,4,249,32565,44798
1900,1900,patient_20,0,0,129,1334,45632
1901,1901,patient_20,0,1,484,9988,45632
1902,1902,patient_20,0,2,459,194,45632
1903,1903,patient_20,0,3,181,3093,45632
1904,1904,patient_20,0,4,453,24995,45632
1905,1905,patient_20,1,0,240,29673,45632
1906,1906,patient_20,1,1,238,829,45632
1907,1907,patient_20,1,2,229,25448,45632
1908,1908,patient_20,1,3,938,25990,45632
1909,1909,patient_20,1,4,176,653,45632
1910,1910,patient_20,2,0,250,11629,45632
1911,1911,patient_20,2,1,166,4397,45632
1912,1912,patient_20,2,2,320,19773,45632
1913,1913,patient_20,2,3,484,9988,45632
1914,1914,patient_20,2,4,249,34002,45632
1915,1915,patient_20,3,0,5018,4970,45632
1916,1916,patient_20,3,1,230,31830,45632
1917,1917,patient_20,3,2,590,18347,45632
1918,1918,patient_20,3,3,272,1993,45632
1919,1919,patient_20,3,4,200,40540,45632
1920,1920,patient_20,4,0,244,13141,45632
1921,1921,patient_20,4,1,227,33567,45632
1922,1922,patient_20,4,2,244,12897,45632
1923,1923,patient_20,4,3,237,27584,45632
1924,1924,patient_20,4,4,230,20093,45632
1925,1925,patient_20,5,0,990,28198,45632
1926,1926,patient_20,5,1,889,36827,45632
1927,1927,patient_20,5,2,949,35145,45632
1928,1928,patient_20,5,3,229,36094,45632
1929,1929,patient_20,5,4,590,18347,45632
1930,1930,patient_20,6,0,243,38705,45632
1931,1931,patient_20,6,1,187,38518,45632
1932,1932,patient_20,6,2,238,829,45632
1933,1933,patient_20,6,3,253,38948,45632
1934,1934,patient_20,6,4,251,27821,45632
1935,1935,patient_20,7,0,459,194,45632
1936,1936,patient_20,7,1,453,24995,45632
1937,1937,patient_20,7,2,484,9988,45632
1938,1938,patient_20,7,3,485,29188,45632
1939,1939,patient_20,7,4,485,26928,45632
1940,1940,patient_20,8,0,184,40356,45632
1941,1941,patient_20,8,1,238,39972,45632
1942,1942,patient_20,8,2,889,36827,45632
1943,1943,patient_20,8,3,230,3950,45632
1944,1944,patient_20,8,4,949,35145,45632
1945,1945,patient_20,9,0,238,36512,45632
1946,1946,patient_20,9,1,990,28198,45632
1947,1947,patient_20,9,2,949,35145,45632
1948,1948,patient_20,9,3,248,39470,45632
1949,1949,patient_20,9,4,964,30128,45632
1950,1950,patient_20,10,0,210,16268,45632
1951,1951,patient_20,10,1,206,13385,45632
1952,1952,patient_20,10,2,189,36323,45632
1953,1953,patient_20,10,3,188,13793,45632
1954,1954,patient_20,10,4,211,42567,45632
1955,1955,patient_20,11,0,1823,16524,45632
1956,1956,patient_20,11,1,2847,20949,45632
1957,1957,patient_20,11,2,230,3950,45632
1958,1958,patient_20,11,3,243,10903,45632
1959,1959,patient_20,11,4,142,3808,45632
1960,1960,patient_20,12,0,195,1798,45632
1961,1961,patient_20,12,1,243,10903,45632
1962,1962,patient_20,12,2,5018,4970,45632
1963,1963,patient_20,12,3,272,1993,45632
1964,1964,patient_20,12,4,230,31830,45632
1965,1965,patient_20,13,0,140,39201,45632
1966,1966,patient_20,13,1,245,41018,45632
1967,1967,patient_20,13,2,949,35145,45632
1968,1968,patient_20,13,3,990,28198,45632
1969,1969,patient_20,13,4,211,40807,45632
1970,1970,patient_20,14,0,129,1334,45632
1971,1971,patient_20,14,1,243,10903,45632
1972,1972,patient_20,14,2,181,3093,45632
1973,1973,patient_20,14,3,249,34002,45632
1974,1974,patient_20,14,4,990,28198,45632
1975,1975,patient_20,15,0,243,10903,45632
1976,1976,patient_20,15,1,272,1993,45632
1977,1977,patient_20,15,2,949,35145,45632
1978,1978,patient_20,15,3,990,28198,45632
1979,1979,patient_20,15,4,938,25990,45632
1980,1980,patient_20,16,0,243,10903,45632
1981,1981,patient_20,16,1,195,1798,45632
1982,1982,patient_20,16,2,226,10677,45632
1983,1983,patient_20,16,3,2847,20949,45632
1984,1984,patient_20,16,4,230,31830,45632
1985,1985,patient_20,17,0,213,34495,45632
1986,1986,patient_20,17,1,168,19605,45632
1987,1987,patient_20,17,2,230,3950,45632
1988,1988,patient_20,17,3,205,10472,45632
1989,1989,patient_20,17,4,243,10903,45632
1990,1990,patient_20,18,0,990,28198,45632
1991,1991,patient_20,18,1,949,35145,45632
1992,1992,patient_20,18,2,206,13385,45632
1993,1993,patient_20,18,3,964,30128,45632
1994,1994,patient_20,18,4,96,13981,45632
1995,1995,patient_20,19,0,245,41018,45632
1996,1996,patient_20,19,1,235,41263,45632
1997,1997,patient_20,19,2,949,35145,45632
1998,1998,patient_20,19,3,990,28198,45632
1999,1999,patient_20,19,4,190,41714,45632
